Model,MSO44
Waveform Type,ANALOG
Horizontal Units,s
Sample Interval,1.60000000e-10
Record Length,2500
Zero Index,399.59375000
Vertical Units,V
ANALOG_Thumbnail,

TIME,CH1
-6.39350000e-08,8.00000000e-03
-6.37750000e-08,8.00000000e-03
-6.36150000e-08,8.00000000e-03
-6.34550000e-08,0.00000000e+00
-6.32950000e-08,0.00000000e+00
-6.31350000e-08,8.00000000e-03
-6.29750000e-08,8.00000000e-03
-6.28150000e-08,0.00000000e+00
-6.26550000e-08,0.00000000e+00
-6.24950000e-08,8.00000000e-03
-6.23350000e-08,8.00000000e-03
-6.21750000e-08,8.00000000e-03
-6.20150000e-08,8.00000000e-03
-6.18550000e-08,8.00000000e-03
-6.16950000e-08,8.00000000e-03
-6.15350000e-08,8.00000000e-03
-6.13750000e-08,8.00000000e-03
-6.12150000e-08,8.00000000e-03
-6.10550000e-08,8.00000000e-03
-6.08950000e-08,0.00000000e+00
-6.07350000e-08,0.00000000e+00
-6.05750000e-08,0.00000000e+00
-6.04150000e-08,0.00000000e+00
-6.02550000e-08,0.00000000e+00
-6.00950000e-08,0.00000000e+00
-5.99350000e-08,8.00000000e-03
-5.97750000e-08,8.00000000e-03
-5.96150000e-08,8.00000000e-03
-5.94550000e-08,0.00000000e+00
-5.92950000e-08,8.00000000e-03
-5.91350000e-08,8.00000000e-03
-5.89750000e-08,0.00000000e+00
-5.88150000e-08,0.00000000e+00
-5.86550000e-08,8.00000000e-03
-5.84950000e-08,0.00000000e+00
-5.83350000e-08,0.00000000e+00
-5.81750000e-08,8.00000000e-03
-5.80150000e-08,8.00000000e-03
-5.78550000e-08,0.00000000e+00
-5.76950000e-08,0.00000000e+00
-5.75350000e-08,8.00000000e-03
-5.73750000e-08,8.00000000e-03
-5.72150000e-08,0.00000000e+00
-5.70550000e-08,0.00000000e+00
-5.68950000e-08,0.00000000e+00
-5.67350000e-08,8.00000000e-03
-5.65750000e-08,8.00000000e-03
-5.64150000e-08,8.00000000e-03
-5.62550000e-08,8.00000000e-03
-5.60950000e-08,8.00000000e-03
-5.59350000e-08,0.00000000e+00
-5.57750000e-08,0.00000000e+00
-5.56150000e-08,0.00000000e+00
-5.54550000e-08,8.00000000e-03
-5.52950000e-08,8.00000000e-03
-5.51350000e-08,0.00000000e+00
-5.49750000e-08,0.00000000e+00
-5.48150000e-08,8.00000000e-03
-5.46550000e-08,8.00000000e-03
-5.44950000e-08,8.00000000e-03
-5.43350000e-08,0.00000000e+00
-5.41750000e-08,8.00000000e-03
-5.40150000e-08,8.00000000e-03
-5.38550000e-08,0.00000000e+00
-5.36950000e-08,8.00000000e-03
-5.35350000e-08,8.00000000e-03
-5.33750000e-08,8.00000000e-03
-5.32150000e-08,0.00000000e+00
-5.30550000e-08,0.00000000e+00
-5.28950000e-08,8.00000000e-03
-5.27350000e-08,8.00000000e-03
-5.25750000e-08,0.00000000e+00
-5.24150000e-08,0.00000000e+00
-5.22550000e-08,8.00000000e-03
-5.20950000e-08,8.00000000e-03
-5.19350000e-08,0.00000000e+00
-5.17750000e-08,0.00000000e+00
-5.16150000e-08,8.00000000e-03
-5.14550000e-08,8.00000000e-03
-5.12950000e-08,8.00000000e-03
-5.11350000e-08,8.00000000e-03
-5.09750000e-08,8.00000000e-03
-5.08150000e-08,8.00000000e-03
-5.06550000e-08,0.00000000e+00
-5.04950000e-08,0.00000000e+00
-5.03350000e-08,8.00000000e-03
-5.01750000e-08,0.00000000e+00
-5.00150000e-08,0.00000000e+00
-4.98550000e-08,0.00000000e+00
-4.96950000e-08,8.00000000e-03
-4.95350000e-08,8.00000000e-03
-4.93750000e-08,8.00000000e-03
-4.92150000e-08,8.00000000e-03
-4.90550000e-08,8.00000000e-03
-4.88950000e-08,8.00000000e-03
-4.87350000e-08,0.00000000e+00
-4.85750000e-08,0.00000000e+00
-4.84150000e-08,8.00000000e-03
-4.82550000e-08,8.00000000e-03
-4.80950000e-08,0.00000000e+00
-4.79350000e-08,0.00000000e+00
-4.77750000e-08,8.00000000e-03
-4.76150000e-08,8.00000000e-03
-4.74550000e-08,0.00000000e+00
-4.72950000e-08,8.00000000e-03
-4.71350000e-08,8.00000000e-03
-4.69750000e-08,8.00000000e-03
-4.68150000e-08,0.00000000e+00
-4.66550000e-08,0.00000000e+00
-4.64950000e-08,0.00000000e+00
-4.63350000e-08,0.00000000e+00
-4.61750000e-08,0.00000000e+00
-4.60150000e-08,8.00000000e-03
-4.58550000e-08,8.00000000e-03
-4.56950000e-08,8.00000000e-03
-4.55350000e-08,8.00000000e-03
-4.53750000e-08,0.00000000e+00
-4.52150000e-08,8.00000000e-03
-4.50550000e-08,8.00000000e-03
-4.48950000e-08,8.00000000e-03
-4.47350000e-08,0.00000000e+00
-4.45750000e-08,8.00000000e-03
-4.44150000e-08,8.00000000e-03
-4.42550000e-08,8.00000000e-03
-4.40950000e-08,8.00000000e-03
-4.39350000e-08,8.00000000e-03
-4.37750000e-08,8.00000000e-03
-4.36150000e-08,0.00000000e+00
-4.34550000e-08,0.00000000e+00
-4.32950000e-08,8.00000000e-03
-4.31350000e-08,8.00000000e-03
-4.29750000e-08,8.00000000e-03
-4.28150000e-08,8.00000000e-03
-4.26550000e-08,8.00000000e-03
-4.24950000e-08,8.00000000e-03
-4.23350000e-08,0.00000000e+00
-4.21750000e-08,0.00000000e+00
-4.20150000e-08,8.00000000e-03
-4.18550000e-08,8.00000000e-03
-4.16950000e-08,8.00000000e-03
-4.15350000e-08,8.00000000e-03
-4.13750000e-08,8.00000000e-03
-4.12150000e-08,8.00000000e-03
-4.10550000e-08,0.00000000e+00
-4.08950000e-08,8.00000000e-03
-4.07350000e-08,1.60000000e-02
-4.05750000e-08,8.00000000e-03
-4.04150000e-08,0.00000000e+00
-4.02550000e-08,0.00000000e+00
-4.00950000e-08,8.00000000e-03
-3.99350000e-08,8.00000000e-03
-3.97750000e-08,0.00000000e+00
-3.96150000e-08,0.00000000e+00
-3.94550000e-08,8.00000000e-03
-3.92950000e-08,8.00000000e-03
-3.91350000e-08,0.00000000e+00
-3.89750000e-08,0.00000000e+00
-3.88150000e-08,0.00000000e+00
-3.86550000e-08,8.00000000e-03
-3.84950000e-08,8.00000000e-03
-3.83350000e-08,8.00000000e-03
-3.81750000e-08,8.00000000e-03
-3.80150000e-08,0.00000000e+00
-3.78550000e-08,0.00000000e+00
-3.76950000e-08,8.00000000e-03
-3.75350000e-08,1.60000000e-02
-3.73750000e-08,8.00000000e-03
-3.72150000e-08,0.00000000e+00
-3.70550000e-08,0.00000000e+00
-3.68950000e-08,8.00000000e-03
-3.67350000e-08,8.00000000e-03
-3.65750000e-08,0.00000000e+00
-3.64150000e-08,0.00000000e+00
-3.62550000e-08,8.00000000e-03
-3.60950000e-08,8.00000000e-03
-3.59350000e-08,0.00000000e+00
-3.57750000e-08,0.00000000e+00
-3.56150000e-08,0.00000000e+00
-3.54550000e-08,0.00000000e+00
-3.52950000e-08,0.00000000e+00
-3.51350000e-08,0.00000000e+00
-3.49750000e-08,8.00000000e-03
-3.48150000e-08,8.00000000e-03
-3.46550000e-08,8.00000000e-03
-3.44950000e-08,8.00000000e-03
-3.43350000e-08,8.00000000e-03
-3.41750000e-08,8.00000000e-03
-3.40150000e-08,8.00000000e-03
-3.38550000e-08,8.00000000e-03
-3.36950000e-08,8.00000000e-03
-3.35350000e-08,0.00000000e+00
-3.33750000e-08,0.00000000e+00
-3.32150000e-08,0.00000000e+00
-3.30550000e-08,0.00000000e+00
-3.28950000e-08,0.00000000e+00
-3.27350000e-08,0.00000000e+00
-3.25750000e-08,0.00000000e+00
-3.24150000e-08,0.00000000e+00
-3.22550000e-08,8.00000000e-03
-3.20950000e-08,0.00000000e+00
-3.19350000e-08,8.00000000e-03
-3.17750000e-08,8.00000000e-03
-3.16150000e-08,8.00000000e-03
-3.14550000e-08,8.00000000e-03
-3.12950000e-08,8.00000000e-03
-3.11350000e-08,8.00000000e-03
-3.09750000e-08,1.60000000e-02
-3.08150000e-08,8.00000000e-03
-3.06550000e-08,8.00000000e-03
-3.04950000e-08,8.00000000e-03
-3.03350000e-08,8.00000000e-03
-3.01750000e-08,8.00000000e-03
-3.00150000e-08,8.00000000e-03
-2.98550000e-08,8.00000000e-03
-2.96950000e-08,8.00000000e-03
-2.95350000e-08,8.00000000e-03
-2.93750000e-08,0.00000000e+00
-2.92150000e-08,8.00000000e-03
-2.90550000e-08,8.00000000e-03
-2.88950000e-08,8.00000000e-03
-2.87350000e-08,8.00000000e-03
-2.85750000e-08,8.00000000e-03
-2.84150000e-08,8.00000000e-03
-2.82550000e-08,8.00000000e-03
-2.80950000e-08,8.00000000e-03
-2.79350000e-08,1.60000000e-02
-2.77750000e-08,8.00000000e-03
-2.76150000e-08,0.00000000e+00
-2.74550000e-08,0.00000000e+00
-2.72950000e-08,8.00000000e-03
-2.71350000e-08,8.00000000e-03
-2.69750000e-08,0.00000000e+00
-2.68150000e-08,0.00000000e+00
-2.66550000e-08,8.00000000e-03
-2.64950000e-08,8.00000000e-03
-2.63350000e-08,8.00000000e-03
-2.61750000e-08,8.00000000e-03
-2.60150000e-08,8.00000000e-03
-2.58550000e-08,8.00000000e-03
-2.56950000e-08,0.00000000e+00
-2.55350000e-08,0.00000000e+00
-2.53750000e-08,8.00000000e-03
-2.52150000e-08,8.00000000e-03
-2.50550000e-08,8.00000000e-03
-2.48950000e-08,0.00000000e+00
-2.47350000e-08,8.00000000e-03
-2.45750000e-08,8.00000000e-03
-2.44150000e-08,0.00000000e+00
-2.42550000e-08,0.00000000e+00
-2.40950000e-08,0.00000000e+00
-2.39350000e-08,0.00000000e+00
-2.37750000e-08,0.00000000e+00
-2.36150000e-08,8.00000000e-03
-2.34550000e-08,8.00000000e-03
-2.32950000e-08,8.00000000e-03
-2.31350000e-08,0.00000000e+00
-2.29750000e-08,0.00000000e+00
-2.28150000e-08,8.00000000e-03
-2.26550000e-08,8.00000000e-03
-2.24950000e-08,0.00000000e+00
-2.23350000e-08,0.00000000e+00
-2.21750000e-08,8.00000000e-03
-2.20150000e-08,8.00000000e-03
-2.18550000e-08,0.00000000e+00
-2.16950000e-08,0.00000000e+00
-2.15350000e-08,8.00000000e-03
-2.13750000e-08,8.00000000e-03
-2.12150000e-08,8.00000000e-03
-2.10550000e-08,8.00000000e-03
-2.08950000e-08,8.00000000e-03
-2.07350000e-08,8.00000000e-03
-2.05750000e-08,0.00000000e+00
-2.04150000e-08,8.00000000e-03
-2.02550000e-08,8.00000000e-03
-2.00950000e-08,8.00000000e-03
-1.99350000e-08,8.00000000e-03
-1.97750000e-08,8.00000000e-03
-1.96150000e-08,8.00000000e-03
-1.94550000e-08,0.00000000e+00
-1.92950000e-08,0.00000000e+00
-1.91350000e-08,0.00000000e+00
-1.89750000e-08,8.00000000e-03
-1.88150000e-08,8.00000000e-03
-1.86550000e-08,8.00000000e-03
-1.84950000e-08,8.00000000e-03
-1.83350000e-08,8.00000000e-03
-1.81750000e-08,8.00000000e-03
-1.80150000e-08,8.00000000e-03
-1.78550000e-08,8.00000000e-03
-1.76950000e-08,8.00000000e-03
-1.75350000e-08,0.00000000e+00
-1.73750000e-08,0.00000000e+00
-1.72150000e-08,8.00000000e-03
-1.70550000e-08,8.00000000e-03
-1.68950000e-08,0.00000000e+00
-1.67350000e-08,0.00000000e+00
-1.65750000e-08,0.00000000e+00
-1.64150000e-08,8.00000000e-03
-1.62550000e-08,8.00000000e-03
-1.60950000e-08,0.00000000e+00
-1.59350000e-08,0.00000000e+00
-1.57750000e-08,0.00000000e+00
-1.56150000e-08,0.00000000e+00
-1.54550000e-08,0.00000000e+00
-1.52950000e-08,8.00000000e-03
-1.51350000e-08,8.00000000e-03
-1.49750000e-08,8.00000000e-03
-1.48150000e-08,0.00000000e+00
-1.46550000e-08,8.00000000e-03
-1.44950000e-08,8.00000000e-03
-1.43350000e-08,8.00000000e-03
-1.41750000e-08,0.00000000e+00
-1.40150000e-08,0.00000000e+00
-1.38550000e-08,8.00000000e-03
-1.36950000e-08,8.00000000e-03
-1.35350000e-08,8.00000000e-03
-1.33750000e-08,8.00000000e-03
-1.32150000e-08,8.00000000e-03
-1.30550000e-08,1.60000000e-02
-1.28950000e-08,8.00000000e-03
-1.27350000e-08,8.00000000e-03
-1.25750000e-08,8.00000000e-03
-1.24150000e-08,8.00000000e-03
-1.22550000e-08,8.00000000e-03
-1.20950000e-08,8.00000000e-03
-1.19350000e-08,8.00000000e-03
-1.17750000e-08,8.00000000e-03
-1.16150000e-08,0.00000000e+00
-1.14550000e-08,0.00000000e+00
-1.12950000e-08,8.00000000e-03
-1.11350000e-08,8.00000000e-03
-1.09750000e-08,8.00000000e-03
-1.08150000e-08,8.00000000e-03
-1.06550000e-08,8.00000000e-03
-1.04950000e-08,8.00000000e-03
-1.03350000e-08,8.00000000e-03
-1.01750000e-08,0.00000000e+00
-1.00150000e-08,8.00000000e-03
-9.85500000e-09,8.00000000e-03
-9.69500000e-09,8.00000000e-03
-9.53500000e-09,0.00000000e+00
-9.37500000e-09,8.00000000e-03
-9.21500000e-09,8.00000000e-03
-9.05500000e-09,8.00000000e-03
-8.89500000e-09,8.00000000e-03
-8.73500000e-09,8.00000000e-03
-8.57500000e-09,8.00000000e-03
-8.41500000e-09,0.00000000e+00
-8.25500000e-09,0.00000000e+00
-8.09500000e-09,8.00000000e-03
-7.93500000e-09,8.00000000e-03
-7.77500000e-09,0.00000000e+00
-7.61500000e-09,0.00000000e+00
-7.45500000e-09,8.00000000e-03
-7.29500000e-09,8.00000000e-03
-7.13500000e-09,8.00000000e-03
-6.97500000e-09,0.00000000e+00
-6.81500000e-09,8.00000000e-03
-6.65500000e-09,8.00000000e-03
-6.49500000e-09,0.00000000e+00
-6.33500000e-09,8.00000000e-03
-6.17500000e-09,8.00000000e-03
-6.01500000e-09,8.00000000e-03
-5.85500000e-09,0.00000000e+00
-5.69500000e-09,8.00000000e-03
-5.53500000e-09,8.00000000e-03
-5.37500000e-09,8.00000000e-03
-5.21500000e-09,8.00000000e-03
-5.05500000e-09,8.00000000e-03
-4.89500000e-09,8.00000000e-03
-4.73500000e-09,8.00000000e-03
-4.57500000e-09,0.00000000e+00
-4.41500000e-09,8.00000000e-03
-4.25500000e-09,8.00000000e-03
-4.09500000e-09,8.00000000e-03
-3.93500000e-09,0.00000000e+00
-3.77500000e-09,8.00000000e-03
-3.61500000e-09,8.00000000e-03
-3.45500000e-09,8.00000000e-03
-3.29500000e-09,8.00000000e-03
-3.13500000e-09,0.00000000e+00
-2.97500000e-09,8.00000000e-03
-2.81500000e-09,8.00000000e-03
-2.65500000e-09,8.00000000e-03
-2.49500000e-09,8.00000000e-03
-2.33500000e-09,8.00000000e-03
-2.17500000e-09,8.00000000e-03
-2.01500000e-09,8.00000000e-03
-1.85500000e-09,8.00000000e-03
-1.69500000e-09,8.00000000e-03
-1.53500000e-09,8.00000000e-03
-1.37500000e-09,0.00000000e+00
-1.21500000e-09,8.00000000e-03
-1.05500000e-09,8.00000000e-03
-8.95000000e-10,8.00000000e-03
-7.35000000e-10,0.00000000e+00
-5.75000000e-10,-1.60000000e-02
-4.15000000e-10,-4.80000000e-02
-2.55000000e-10,-1.12000000e-01
-9.50000000e-11,-2.16000000e-01
6.50000000e-11,-3.28000000e-01
2.25000000e-10,-4.32000000e-01
3.85000000e-10,-5.20000000e-01
5.45000000e-10,-6.00000000e-01
7.05000000e-10,-6.64000000e-01
8.65000000e-10,-7.20000000e-01
1.02500000e-09,-7.60000000e-01
1.18500000e-09,-7.92000000e-01
1.34500000e-09,-8.24000000e-01
1.50500000e-09,-8.40000000e-01
1.66500000e-09,-8.56000000e-01
1.82500000e-09,-8.72000000e-01
1.98500000e-09,-8.80000000e-01
2.14500000e-09,-8.88000000e-01
2.30500000e-09,-8.88000000e-01
2.46500000e-09,-8.96000000e-01
2.62500000e-09,-8.88000000e-01
2.78500000e-09,-8.88000000e-01
2.94500000e-09,-8.80000000e-01
3.10500000e-09,-8.72000000e-01
3.26500000e-09,-8.64000000e-01
3.42500000e-09,-8.56000000e-01
3.58500000e-09,-8.48000000e-01
3.74500000e-09,-8.48000000e-01
3.90500000e-09,-8.40000000e-01
4.06500000e-09,-8.32000000e-01
4.22500000e-09,-8.24000000e-01
4.38500000e-09,-8.16000000e-01
4.54500000e-09,-8.00000000e-01
4.70500000e-09,-7.92000000e-01
4.86500000e-09,-7.92000000e-01
5.02500000e-09,-7.92000000e-01
5.18500000e-09,-7.76000000e-01
5.34500000e-09,-7.60000000e-01
5.50500000e-09,-7.60000000e-01
5.66500000e-09,-7.60000000e-01
5.82500000e-09,-7.52000000e-01
5.98500000e-09,-7.36000000e-01
6.14500000e-09,-7.28000000e-01
6.30500000e-09,-7.28000000e-01
6.46500000e-09,-7.12000000e-01
6.62500000e-09,-7.04000000e-01
6.78500000e-09,-7.04000000e-01
6.94500000e-09,-7.04000000e-01
7.10500000e-09,-6.96000000e-01
7.26500000e-09,-6.88000000e-01
7.42500000e-09,-6.80000000e-01
7.58500000e-09,-6.80000000e-01
7.74500000e-09,-6.80000000e-01
7.90500000e-09,-6.72000000e-01
8.06500000e-09,-6.64000000e-01
8.22500000e-09,-6.64000000e-01
8.38500000e-09,-6.56000000e-01
8.54500000e-09,-6.48000000e-01
8.70500000e-09,-6.48000000e-01
8.86500000e-09,-6.48000000e-01
9.02500000e-09,-6.40000000e-01
9.18500000e-09,-6.32000000e-01
9.34500000e-09,-6.32000000e-01
9.50500000e-09,-6.32000000e-01
9.66500000e-09,-6.16000000e-01
9.82500000e-09,-6.16000000e-01
9.98500000e-09,-6.08000000e-01
1.01450000e-08,-6.16000000e-01
1.03050000e-08,-6.08000000e-01
1.04650000e-08,-6.08000000e-01
1.06250000e-08,-6.00000000e-01
1.07850000e-08,-6.00000000e-01
1.09450000e-08,-6.00000000e-01
1.11050000e-08,-6.00000000e-01
1.12650000e-08,-5.92000000e-01
1.14250000e-08,-5.92000000e-01
1.15850000e-08,-5.92000000e-01
1.17450000e-08,-5.84000000e-01
1.19050000e-08,-5.84000000e-01
1.20650000e-08,-5.84000000e-01
1.22250000e-08,-5.84000000e-01
1.23850000e-08,-5.76000000e-01
1.25450000e-08,-5.84000000e-01
1.27050000e-08,-5.84000000e-01
1.28650000e-08,-5.76000000e-01
1.30250000e-08,-5.76000000e-01
1.31850000e-08,-5.68000000e-01
1.33450000e-08,-5.68000000e-01
1.35050000e-08,-5.68000000e-01
1.36650000e-08,-5.60000000e-01
1.38250000e-08,-5.68000000e-01
1.39850000e-08,-5.68000000e-01
1.41450000e-08,-5.68000000e-01
1.43050000e-08,-5.60000000e-01
1.44650000e-08,-5.60000000e-01
1.46250000e-08,-5.60000000e-01
1.47850000e-08,-5.52000000e-01
1.49450000e-08,-5.52000000e-01
1.51050000e-08,-5.52000000e-01
1.52650000e-08,-5.52000000e-01
1.54250000e-08,-5.44000000e-01
1.55850000e-08,-5.36000000e-01
1.57450000e-08,-5.36000000e-01
1.59050000e-08,-5.44000000e-01
1.60650000e-08,-5.44000000e-01
1.62250000e-08,-5.28000000e-01
1.63850000e-08,-5.28000000e-01
1.65450000e-08,-5.36000000e-01
1.67050000e-08,-5.28000000e-01
1.68650000e-08,-5.28000000e-01
1.70250000e-08,-5.20000000e-01
1.71850000e-08,-5.28000000e-01
1.73450000e-08,-5.20000000e-01
1.75050000e-08,-5.20000000e-01
1.76650000e-08,-5.28000000e-01
1.78250000e-08,-5.28000000e-01
1.79850000e-08,-5.28000000e-01
1.81450000e-08,-5.12000000e-01
1.83050000e-08,-5.12000000e-01
1.84650000e-08,-5.20000000e-01
1.86250000e-08,-5.20000000e-01
1.87850000e-08,-5.12000000e-01
1.89450000e-08,-5.12000000e-01
1.91050000e-08,-5.20000000e-01
1.92650000e-08,-5.12000000e-01
1.94250000e-08,-5.12000000e-01
1.95850000e-08,-5.12000000e-01
1.97450000e-08,-5.12000000e-01
1.99050000e-08,-5.12000000e-01
2.00650000e-08,-5.04000000e-01
2.02250000e-08,-5.04000000e-01
2.03850000e-08,-5.12000000e-01
2.05450000e-08,-5.12000000e-01
2.07050000e-08,-5.04000000e-01
2.08650000e-08,-5.04000000e-01
2.10250000e-08,-5.12000000e-01
2.11850000e-08,-5.12000000e-01
2.13450000e-08,-5.04000000e-01
2.15050000e-08,-5.04000000e-01
2.16650000e-08,-5.04000000e-01
2.18250000e-08,-4.96000000e-01
2.19850000e-08,-4.96000000e-01
2.21450000e-08,-4.96000000e-01
2.23050000e-08,-5.04000000e-01
2.24650000e-08,-5.04000000e-01
2.26250000e-08,-4.96000000e-01
2.27850000e-08,-4.96000000e-01
2.29450000e-08,-4.96000000e-01
2.31050000e-08,-4.96000000e-01
2.32650000e-08,-4.88000000e-01
2.34250000e-08,-4.88000000e-01
2.35850000e-08,-4.88000000e-01
2.37450000e-08,-4.88000000e-01
2.39050000e-08,-4.88000000e-01
2.40650000e-08,-4.88000000e-01
2.42250000e-08,-4.88000000e-01
2.43850000e-08,-4.80000000e-01
2.45450000e-08,-4.72000000e-01
2.47050000e-08,-4.72000000e-01
2.48650000e-08,-4.72000000e-01
2.50250000e-08,-4.72000000e-01
2.51850000e-08,-4.72000000e-01
2.53450000e-08,-4.72000000e-01
2.55050000e-08,-4.72000000e-01
2.56650000e-08,-4.72000000e-01
2.58250000e-08,-4.64000000e-01
2.59850000e-08,-4.64000000e-01
2.61450000e-08,-4.72000000e-01
2.63050000e-08,-4.64000000e-01
2.64650000e-08,-4.64000000e-01
2.66250000e-08,-4.64000000e-01
2.67850000e-08,-4.64000000e-01
2.69450000e-08,-4.64000000e-01
2.71050000e-08,-4.56000000e-01
2.72650000e-08,-4.56000000e-01
2.74250000e-08,-4.56000000e-01
2.75850000e-08,-4.64000000e-01
2.77450000e-08,-4.64000000e-01
2.79050000e-08,-4.56000000e-01
2.80650000e-08,-4.64000000e-01
2.82250000e-08,-4.56000000e-01
2.83850000e-08,-4.56000000e-01
2.85450000e-08,-4.56000000e-01
2.87050000e-08,-4.56000000e-01
2.88650000e-08,-4.64000000e-01
2.90250000e-08,-4.56000000e-01
2.91850000e-08,-4.48000000e-01
2.93450000e-08,-4.48000000e-01
2.95050000e-08,-4.48000000e-01
2.96650000e-08,-4.48000000e-01
2.98250000e-08,-4.40000000e-01
2.99850000e-08,-4.48000000e-01
3.01450000e-08,-4.48000000e-01
3.03050000e-08,-4.40000000e-01
3.04650000e-08,-4.40000000e-01
3.06250000e-08,-4.40000000e-01
3.07850000e-08,-4.40000000e-01
3.09450000e-08,-4.32000000e-01
3.11050000e-08,-4.40000000e-01
3.12650000e-08,-4.40000000e-01
3.14250000e-08,-4.48000000e-01
3.15850000e-08,-4.40000000e-01
3.17450000e-08,-4.40000000e-01
3.19050000e-08,-4.40000000e-01
3.20650000e-08,-4.40000000e-01
3.22250000e-08,-4.32000000e-01
3.23850000e-08,-4.32000000e-01
3.25450000e-08,-4.40000000e-01
3.27050000e-08,-4.40000000e-01
3.28650000e-08,-4.32000000e-01
3.30250000e-08,-4.32000000e-01
3.31850000e-08,-4.32000000e-01
3.33450000e-08,-4.32000000e-01
3.35050000e-08,-4.24000000e-01
3.36650000e-08,-4.24000000e-01
3.38250000e-08,-4.24000000e-01
3.39850000e-08,-4.24000000e-01
3.41450000e-08,-4.16000000e-01
3.43050000e-08,-4.16000000e-01
3.44650000e-08,-4.16000000e-01
3.46250000e-08,-4.16000000e-01
3.47850000e-08,-4.08000000e-01
3.49450000e-08,-4.08000000e-01
3.51050000e-08,-4.08000000e-01
3.52650000e-08,-4.08000000e-01
3.54250000e-08,-4.08000000e-01
3.55850000e-08,-4.08000000e-01
3.57450000e-08,-4.08000000e-01
3.59050000e-08,-4.08000000e-01
3.60650000e-08,-4.00000000e-01
3.62250000e-08,-4.08000000e-01
3.63850000e-08,-4.16000000e-01
3.65450000e-08,-4.16000000e-01
3.67050000e-08,-4.16000000e-01
3.68650000e-08,-4.16000000e-01
3.70250000e-08,-4.24000000e-01
3.71850000e-08,-4.24000000e-01
3.73450000e-08,-4.16000000e-01
3.75050000e-08,-4.08000000e-01
3.76650000e-08,-4.08000000e-01
3.78250000e-08,-4.08000000e-01
3.79850000e-08,-4.08000000e-01
3.81450000e-08,-4.08000000e-01
3.83050000e-08,-4.08000000e-01
3.84650000e-08,-4.08000000e-01
3.86250000e-08,-4.00000000e-01
3.87850000e-08,-4.00000000e-01
3.89450000e-08,-4.00000000e-01
3.91050000e-08,-4.00000000e-01
3.92650000e-08,-3.92000000e-01
3.94250000e-08,-3.92000000e-01
3.95850000e-08,-4.00000000e-01
3.97450000e-08,-3.92000000e-01
3.99050000e-08,-3.92000000e-01
4.00650000e-08,-3.92000000e-01
4.02250000e-08,-3.92000000e-01
4.03850000e-08,-3.92000000e-01
4.05450000e-08,-3.92000000e-01
4.07050000e-08,-3.84000000e-01
4.08650000e-08,-3.92000000e-01
4.10250000e-08,-3.92000000e-01
4.11850000e-08,-3.84000000e-01
4.13450000e-08,-3.84000000e-01
4.15050000e-08,-3.84000000e-01
4.16650000e-08,-3.84000000e-01
4.18250000e-08,-3.84000000e-01
4.19850000e-08,-3.84000000e-01
4.21450000e-08,-3.84000000e-01
4.23050000e-08,-3.92000000e-01
4.24650000e-08,-3.84000000e-01
4.26250000e-08,-3.76000000e-01
4.27850000e-08,-3.76000000e-01
4.29450000e-08,-3.76000000e-01
4.31050000e-08,-3.76000000e-01
4.32650000e-08,-3.76000000e-01
4.34250000e-08,-3.84000000e-01
4.35850000e-08,-3.76000000e-01
4.37450000e-08,-3.76000000e-01
4.39050000e-08,-3.76000000e-01
4.40650000e-08,-3.76000000e-01
4.42250000e-08,-3.76000000e-01
4.43850000e-08,-3.76000000e-01
4.45450000e-08,-3.68000000e-01
4.47050000e-08,-3.68000000e-01
4.48650000e-08,-3.68000000e-01
4.50250000e-08,-3.68000000e-01
4.51850000e-08,-3.68000000e-01
4.53450000e-08,-3.68000000e-01
4.55050000e-08,-3.68000000e-01
4.56650000e-08,-3.60000000e-01
4.58250000e-08,-3.60000000e-01
4.59850000e-08,-3.68000000e-01
4.61450000e-08,-3.68000000e-01
4.63050000e-08,-3.60000000e-01
4.64650000e-08,-3.60000000e-01
4.66250000e-08,-3.60000000e-01
4.67850000e-08,-3.60000000e-01
4.69450000e-08,-3.52000000e-01
4.71050000e-08,-3.52000000e-01
4.72650000e-08,-3.52000000e-01
4.74250000e-08,-3.52000000e-01
4.75850000e-08,-3.52000000e-01
4.77450000e-08,-3.60000000e-01
4.79050000e-08,-3.60000000e-01
4.80650000e-08,-3.60000000e-01
4.82250000e-08,-3.52000000e-01
4.83850000e-08,-3.52000000e-01
4.85450000e-08,-3.52000000e-01
4.87050000e-08,-3.52000000e-01
4.88650000e-08,-3.44000000e-01
4.90250000e-08,-3.44000000e-01
4.91850000e-08,-3.44000000e-01
4.93450000e-08,-3.44000000e-01
4.95050000e-08,-3.44000000e-01
4.96650000e-08,-3.52000000e-01
4.98250000e-08,-3.52000000e-01
4.99850000e-08,-3.44000000e-01
5.01450000e-08,-3.44000000e-01
5.03050000e-08,-3.44000000e-01
5.04650000e-08,-3.44000000e-01
5.06250000e-08,-3.44000000e-01
5.07850000e-08,-3.44000000e-01
5.09450000e-08,-3.44000000e-01
5.11050000e-08,-3.44000000e-01
5.12650000e-08,-3.36000000e-01
5.14250000e-08,-3.36000000e-01
5.15850000e-08,-3.36000000e-01
5.17450000e-08,-3.36000000e-01
5.19050000e-08,-3.36000000e-01
5.20650000e-08,-3.28000000e-01
5.22250000e-08,-3.28000000e-01
5.23850000e-08,-3.36000000e-01
5.25450000e-08,-3.36000000e-01
5.27050000e-08,-3.28000000e-01
5.28650000e-08,-3.28000000e-01
5.30250000e-08,-3.28000000e-01
5.31850000e-08,-3.28000000e-01
5.33450000e-08,-3.28000000e-01
5.35050000e-08,-3.28000000e-01
5.36650000e-08,-3.28000000e-01
5.38250000e-08,-3.28000000e-01
5.39850000e-08,-3.20000000e-01
5.41450000e-08,-3.28000000e-01
5.43050000e-08,-3.28000000e-01
5.44650000e-08,-3.28000000e-01
5.46250000e-08,-3.28000000e-01
5.47850000e-08,-3.28000000e-01
5.49450000e-08,-3.28000000e-01
5.51050000e-08,-3.20000000e-01
5.52650000e-08,-3.20000000e-01
5.54250000e-08,-3.20000000e-01
5.55850000e-08,-3.20000000e-01
5.57450000e-08,-3.20000000e-01
5.59050000e-08,-3.20000000e-01
5.60650000e-08,-3.20000000e-01
5.62250000e-08,-3.12000000e-01
5.63850000e-08,-3.20000000e-01
5.65450000e-08,-3.20000000e-01
5.67050000e-08,-3.20000000e-01
5.68650000e-08,-3.12000000e-01
5.70250000e-08,-3.12000000e-01
5.71850000e-08,-3.12000000e-01
5.73450000e-08,-3.12000000e-01
5.75050000e-08,-3.12000000e-01
5.76650000e-08,-3.12000000e-01
5.78250000e-08,-3.12000000e-01
5.79850000e-08,-3.12000000e-01
5.81450000e-08,-3.12000000e-01
5.83050000e-08,-3.12000000e-01
5.84650000e-08,-3.04000000e-01
5.86250000e-08,-3.04000000e-01
5.87850000e-08,-3.04000000e-01
5.89450000e-08,-3.04000000e-01
5.91050000e-08,-3.04000000e-01
5.92650000e-08,-3.04000000e-01
5.94250000e-08,-3.04000000e-01
5.95850000e-08,-3.04000000e-01
5.97450000e-08,-3.04000000e-01
5.99050000e-08,-3.04000000e-01
6.00650000e-08,-3.04000000e-01
6.02250000e-08,-3.04000000e-01
6.03850000e-08,-2.96000000e-01
6.05450000e-08,-3.04000000e-01
6.07050000e-08,-3.04000000e-01
6.08650000e-08,-2.96000000e-01
6.10250000e-08,-2.96000000e-01
6.11850000e-08,-2.96000000e-01
6.13450000e-08,-2.96000000e-01
6.15050000e-08,-2.96000000e-01
6.16650000e-08,-2.88000000e-01
6.18250000e-08,-2.88000000e-01
6.19850000e-08,-2.96000000e-01
6.21450000e-08,-2.96000000e-01
6.23050000e-08,-2.96000000e-01
6.24650000e-08,-2.96000000e-01
6.26250000e-08,-2.88000000e-01
6.27850000e-08,-2.88000000e-01
6.29450000e-08,-2.88000000e-01
6.31050000e-08,-2.96000000e-01
6.32650000e-08,-2.96000000e-01
6.34250000e-08,-2.88000000e-01
6.35850000e-08,-2.80000000e-01
6.37450000e-08,-2.80000000e-01
6.39050000e-08,-2.88000000e-01
6.40650000e-08,-2.88000000e-01
6.42250000e-08,-2.88000000e-01
6.43850000e-08,-2.88000000e-01
6.45450000e-08,-2.88000000e-01
6.47050000e-08,-2.88000000e-01
6.48650000e-08,-2.80000000e-01
6.50250000e-08,-2.80000000e-01
6.51850000e-08,-2.80000000e-01
6.53450000e-08,-2.88000000e-01
6.55050000e-08,-2.80000000e-01
6.56650000e-08,-2.80000000e-01
6.58250000e-08,-2.80000000e-01
6.59850000e-08,-2.80000000e-01
6.61450000e-08,-2.72000000e-01
6.63050000e-08,-2.72000000e-01
6.64650000e-08,-2.80000000e-01
6.66250000e-08,-2.80000000e-01
6.67850000e-08,-2.72000000e-01
6.69450000e-08,-2.72000000e-01
6.71050000e-08,-2.72000000e-01
6.72650000e-08,-2.72000000e-01
6.74250000e-08,-2.72000000e-01
6.75850000e-08,-2.72000000e-01
6.77450000e-08,-2.80000000e-01
6.79050000e-08,-2.72000000e-01
6.80650000e-08,-2.72000000e-01
6.82250000e-08,-2.72000000e-01
6.83850000e-08,-2.80000000e-01
6.85450000e-08,-2.72000000e-01
6.87050000e-08,-2.64000000e-01
6.88650000e-08,-2.64000000e-01
6.90250000e-08,-2.72000000e-01
6.91850000e-08,-2.72000000e-01
6.93450000e-08,-2.72000000e-01
6.95050000e-08,-2.64000000e-01
6.96650000e-08,-2.72000000e-01
6.98250000e-08,-2.72000000e-01
6.99850000e-08,-2.64000000e-01
7.01450000e-08,-2.64000000e-01
7.03050000e-08,-2.64000000e-01
7.04650000e-08,-2.64000000e-01
7.06250000e-08,-2.64000000e-01
7.07850000e-08,-2.64000000e-01
7.09450000e-08,-2.72000000e-01
7.11050000e-08,-2.64000000e-01
7.12650000e-08,-2.56000000e-01
7.14250000e-08,-2.64000000e-01
7.15850000e-08,-2.64000000e-01
7.17450000e-08,-2.64000000e-01
7.19050000e-08,-2.56000000e-01
7.20650000e-08,-2.56000000e-01
7.22250000e-08,-2.64000000e-01
7.23850000e-08,-2.56000000e-01
7.25450000e-08,-2.56000000e-01
7.27050000e-08,-2.56000000e-01
7.28650000e-08,-2.56000000e-01
7.30250000e-08,-2.48000000e-01
7.31850000e-08,-2.48000000e-01
7.33450000e-08,-2.56000000e-01
7.35050000e-08,-2.64000000e-01
7.36650000e-08,-2.56000000e-01
7.38250000e-08,-2.48000000e-01
7.39850000e-08,-2.48000000e-01
7.41450000e-08,-2.56000000e-01
7.43050000e-08,-2.56000000e-01
7.44650000e-08,-2.48000000e-01
7.46250000e-08,-2.48000000e-01
7.47850000e-08,-2.48000000e-01
7.49450000e-08,-2.48000000e-01
7.51050000e-08,-2.48000000e-01
7.52650000e-08,-2.56000000e-01
7.54250000e-08,-2.56000000e-01
7.55850000e-08,-2.48000000e-01
7.57450000e-08,-2.40000000e-01
7.59050000e-08,-2.48000000e-01
7.60650000e-08,-2.48000000e-01
7.62250000e-08,-2.48000000e-01
7.63850000e-08,-2.40000000e-01
7.65450000e-08,-2.40000000e-01
7.67050000e-08,-2.40000000e-01
7.68650000e-08,-2.40000000e-01
7.70250000e-08,-2.40000000e-01
7.71850000e-08,-2.40000000e-01
7.73450000e-08,-2.40000000e-01
7.75050000e-08,-2.40000000e-01
7.76650000e-08,-2.40000000e-01
7.78250000e-08,-2.40000000e-01
7.79850000e-08,-2.48000000e-01
7.81450000e-08,-2.40000000e-01
7.83050000e-08,-2.32000000e-01
7.84650000e-08,-2.32000000e-01
7.86250000e-08,-2.40000000e-01
7.87850000e-08,-2.40000000e-01
7.89450000e-08,-2.40000000e-01
7.91050000e-08,-2.32000000e-01
7.92650000e-08,-2.32000000e-01
7.94250000e-08,-2.32000000e-01
7.95850000e-08,-2.32000000e-01
7.97450000e-08,-2.32000000e-01
7.99050000e-08,-2.40000000e-01
8.00650000e-08,-2.32000000e-01
8.02250000e-08,-2.32000000e-01
8.03850000e-08,-2.32000000e-01
8.05450000e-08,-2.32000000e-01
8.07050000e-08,-2.32000000e-01
8.08650000e-08,-2.24000000e-01
8.10250000e-08,-2.24000000e-01
8.11850000e-08,-2.32000000e-01
8.13450000e-08,-2.32000000e-01
8.15050000e-08,-2.24000000e-01
8.16650000e-08,-2.16000000e-01
8.18250000e-08,-2.24000000e-01
8.19850000e-08,-2.24000000e-01
8.21450000e-08,-2.24000000e-01
8.23050000e-08,-2.24000000e-01
8.24650000e-08,-2.24000000e-01
8.26250000e-08,-2.24000000e-01
8.27850000e-08,-2.24000000e-01
8.29450000e-08,-2.24000000e-01
8.31050000e-08,-2.32000000e-01
8.32650000e-08,-2.24000000e-01
8.34250000e-08,-2.16000000e-01
8.35850000e-08,-2.16000000e-01
8.37450000e-08,-2.24000000e-01
8.39050000e-08,-2.24000000e-01
8.40650000e-08,-2.24000000e-01
8.42250000e-08,-2.24000000e-01
8.43850000e-08,-2.16000000e-01
8.45450000e-08,-2.16000000e-01
8.47050000e-08,-2.08000000e-01
8.48650000e-08,-2.08000000e-01
8.50250000e-08,-2.16000000e-01
8.51850000e-08,-2.16000000e-01
8.53450000e-08,-2.16000000e-01
8.55050000e-08,-2.16000000e-01
8.56650000e-08,-2.16000000e-01
8.58250000e-08,-2.16000000e-01
8.59850000e-08,-2.16000000e-01
8.61450000e-08,-2.16000000e-01
8.63050000e-08,-2.16000000e-01
8.64650000e-08,-2.16000000e-01
8.66250000e-08,-2.08000000e-01
8.67850000e-08,-2.08000000e-01
8.69450000e-08,-2.08000000e-01
8.71050000e-08,-2.16000000e-01
8.72650000e-08,-2.08000000e-01
8.74250000e-08,-2.08000000e-01
8.75850000e-08,-2.08000000e-01
8.77450000e-08,-2.08000000e-01
8.79050000e-08,-2.08000000e-01
8.80650000e-08,-2.08000000e-01
8.82250000e-08,-2.16000000e-01
8.83850000e-08,-2.08000000e-01
8.85450000e-08,-2.08000000e-01
8.87050000e-08,-2.08000000e-01
8.88650000e-08,-2.08000000e-01
8.90250000e-08,-2.08000000e-01
8.91850000e-08,-2.08000000e-01
8.93450000e-08,-2.00000000e-01
8.95050000e-08,-2.08000000e-01
8.96650000e-08,-2.08000000e-01
8.98250000e-08,-2.00000000e-01
8.99850000e-08,-2.00000000e-01
9.01450000e-08,-2.00000000e-01
9.03050000e-08,-2.00000000e-01
9.04650000e-08,-2.00000000e-01
9.06250000e-08,-2.08000000e-01
9.07850000e-08,-2.08000000e-01
9.09450000e-08,-2.00000000e-01
9.11050000e-08,-2.00000000e-01
9.12650000e-08,-2.00000000e-01
9.14250000e-08,-2.00000000e-01
9.15850000e-08,-2.00000000e-01
9.17450000e-08,-2.00000000e-01
9.19050000e-08,-1.92000000e-01
9.20650000e-08,-2.00000000e-01
9.22250000e-08,-1.92000000e-01
9.23850000e-08,-1.84000000e-01
9.25450000e-08,-1.92000000e-01
9.27050000e-08,-2.00000000e-01
9.28650000e-08,-2.00000000e-01
9.30250000e-08,-1.92000000e-01
9.31850000e-08,-2.00000000e-01
9.33450000e-08,-2.00000000e-01
9.35050000e-08,-1.92000000e-01
9.36650000e-08,-1.92000000e-01
9.38250000e-08,-1.92000000e-01
9.39850000e-08,-2.00000000e-01
9.41450000e-08,-1.92000000e-01
9.43050000e-08,-1.92000000e-01
9.44650000e-08,-1.92000000e-01
9.46250000e-08,-1.92000000e-01
9.47850000e-08,-1.92000000e-01
9.49450000e-08,-1.92000000e-01
9.51050000e-08,-1.84000000e-01
9.52650000e-08,-1.84000000e-01
9.54250000e-08,-1.92000000e-01
9.55850000e-08,-1.92000000e-01
9.57450000e-08,-1.92000000e-01
9.59050000e-08,-1.92000000e-01
9.60650000e-08,-1.92000000e-01
9.62250000e-08,-1.84000000e-01
9.63850000e-08,-1.84000000e-01
9.65450000e-08,-1.92000000e-01
9.67050000e-08,-1.92000000e-01
9.68650000e-08,-1.84000000e-01
9.70250000e-08,-1.84000000e-01
9.71850000e-08,-1.84000000e-01
9.73450000e-08,-1.84000000e-01
9.75050000e-08,-1.76000000e-01
9.76650000e-08,-1.76000000e-01
9.78250000e-08,-1.84000000e-01
9.79850000e-08,-1.84000000e-01
9.81450000e-08,-1.84000000e-01
9.83050000e-08,-1.84000000e-01
9.84650000e-08,-1.84000000e-01
9.86250000e-08,-1.84000000e-01
9.87850000e-08,-1.84000000e-01
9.89450000e-08,-1.84000000e-01
9.91050000e-08,-1.84000000e-01
9.92650000e-08,-1.76000000e-01
9.94250000e-08,-1.76000000e-01
9.95850000e-08,-1.76000000e-01
9.97450000e-08,-1.84000000e-01
9.99050000e-08,-1.84000000e-01
1.00065000e-07,-1.76000000e-01
1.00225000e-07,-1.76000000e-01
1.00385000e-07,-1.76000000e-01
1.00545000e-07,-1.84000000e-01
1.00705000e-07,-1.84000000e-01
1.00865000e-07,-1.84000000e-01
1.01025000e-07,-1.76000000e-01
1.01185000e-07,-1.76000000e-01
1.01345000e-07,-1.76000000e-01
1.01505000e-07,-1.76000000e-01
1.01665000e-07,-1.76000000e-01
1.01825000e-07,-1.76000000e-01
1.01985000e-07,-1.76000000e-01
1.02145000e-07,-1.76000000e-01
1.02305000e-07,-1.76000000e-01
1.02465000e-07,-1.76000000e-01
1.02625000e-07,-1.68000000e-01
1.02785000e-07,-1.68000000e-01
1.02945000e-07,-1.76000000e-01
1.03105000e-07,-1.76000000e-01
1.03265000e-07,-1.68000000e-01
1.03425000e-07,-1.68000000e-01
1.03585000e-07,-1.76000000e-01
1.03745000e-07,-1.68000000e-01
1.03905000e-07,-1.68000000e-01
1.04065000e-07,-1.76000000e-01
1.04225000e-07,-1.68000000e-01
1.04385000e-07,-1.68000000e-01
1.04545000e-07,-1.60000000e-01
1.04705000e-07,-1.60000000e-01
1.04865000e-07,-1.68000000e-01
1.05025000e-07,-1.68000000e-01
1.05185000e-07,-1.68000000e-01
1.05345000e-07,-1.68000000e-01
1.05505000e-07,-1.68000000e-01
1.05665000e-07,-1.68000000e-01
1.05825000e-07,-1.68000000e-01
1.05985000e-07,-1.68000000e-01
1.06145000e-07,-1.68000000e-01
1.06305000e-07,-1.60000000e-01
1.06465000e-07,-1.60000000e-01
1.06625000e-07,-1.60000000e-01
1.06785000e-07,-1.60000000e-01
1.06945000e-07,-1.60000000e-01
1.07105000e-07,-1.60000000e-01
1.07265000e-07,-1.60000000e-01
1.07425000e-07,-1.60000000e-01
1.07585000e-07,-1.60000000e-01
1.07745000e-07,-1.60000000e-01
1.07905000e-07,-1.60000000e-01
1.08065000e-07,-1.68000000e-01
1.08225000e-07,-1.60000000e-01
1.08385000e-07,-1.52000000e-01
1.08545000e-07,-1.60000000e-01
1.08705000e-07,-1.60000000e-01
1.08865000e-07,-1.60000000e-01
1.09025000e-07,-1.60000000e-01
1.09185000e-07,-1.60000000e-01
1.09345000e-07,-1.60000000e-01
1.09505000e-07,-1.52000000e-01
1.09665000e-07,-1.52000000e-01
1.09825000e-07,-1.52000000e-01
1.09985000e-07,-1.60000000e-01
1.10145000e-07,-1.52000000e-01
1.10305000e-07,-1.52000000e-01
1.10465000e-07,-1.52000000e-01
1.10625000e-07,-1.60000000e-01
1.10785000e-07,-1.60000000e-01
1.10945000e-07,-1.52000000e-01
1.11105000e-07,-1.52000000e-01
1.11265000e-07,-1.52000000e-01
1.11425000e-07,-1.52000000e-01
1.11585000e-07,-1.52000000e-01
1.11745000e-07,-1.52000000e-01
1.11905000e-07,-1.52000000e-01
1.12065000e-07,-1.44000000e-01
1.12225000e-07,-1.44000000e-01
1.12385000e-07,-1.44000000e-01
1.12545000e-07,-1.52000000e-01
1.12705000e-07,-1.52000000e-01
1.12865000e-07,-1.44000000e-01
1.13025000e-07,-1.44000000e-01
1.13185000e-07,-1.52000000e-01
1.13345000e-07,-1.52000000e-01
1.13505000e-07,-1.44000000e-01
1.13665000e-07,-1.52000000e-01
1.13825000e-07,-1.52000000e-01
1.13985000e-07,-1.44000000e-01
1.14145000e-07,-1.44000000e-01
1.14305000e-07,-1.44000000e-01
1.14465000e-07,-1.52000000e-01
1.14625000e-07,-1.44000000e-01
1.14785000e-07,-1.44000000e-01
1.14945000e-07,-1.44000000e-01
1.15105000e-07,-1.52000000e-01
1.15265000e-07,-1.44000000e-01
1.15425000e-07,-1.44000000e-01
1.15585000e-07,-1.44000000e-01
1.15745000e-07,-1.44000000e-01
1.15905000e-07,-1.44000000e-01
1.16065000e-07,-1.44000000e-01
1.16225000e-07,-1.44000000e-01
1.16385000e-07,-1.52000000e-01
1.16545000e-07,-1.44000000e-01
1.16705000e-07,-1.44000000e-01
1.16865000e-07,-1.44000000e-01
1.17025000e-07,-1.44000000e-01
1.17185000e-07,-1.44000000e-01
1.17345000e-07,-1.44000000e-01
1.17505000e-07,-1.44000000e-01
1.17665000e-07,-1.44000000e-01
1.17825000e-07,-1.44000000e-01
1.17985000e-07,-1.36000000e-01
1.18145000e-07,-1.36000000e-01
1.18305000e-07,-1.44000000e-01
1.18465000e-07,-1.44000000e-01
1.18625000e-07,-1.36000000e-01
1.18785000e-07,-1.44000000e-01
1.18945000e-07,-1.44000000e-01
1.19105000e-07,-1.36000000e-01
1.19265000e-07,-1.36000000e-01
1.19425000e-07,-1.36000000e-01
1.19585000e-07,-1.36000000e-01
1.19745000e-07,-1.36000000e-01
1.19905000e-07,-1.36000000e-01
1.20065000e-07,-1.36000000e-01
1.20225000e-07,-1.44000000e-01
1.20385000e-07,-1.44000000e-01
1.20545000e-07,-1.36000000e-01
1.20705000e-07,-1.36000000e-01
1.20865000e-07,-1.36000000e-01
1.21025000e-07,-1.36000000e-01
1.21185000e-07,-1.36000000e-01
1.21345000e-07,-1.44000000e-01
1.21505000e-07,-1.36000000e-01
1.21665000e-07,-1.28000000e-01
1.21825000e-07,-1.28000000e-01
1.21985000e-07,-1.36000000e-01
1.22145000e-07,-1.36000000e-01
1.22305000e-07,-1.28000000e-01
1.22465000e-07,-1.28000000e-01
1.22625000e-07,-1.28000000e-01
1.22785000e-07,-1.36000000e-01
1.22945000e-07,-1.36000000e-01
1.23105000e-07,-1.36000000e-01
1.23265000e-07,-1.36000000e-01
1.23425000e-07,-1.36000000e-01
1.23585000e-07,-1.36000000e-01
1.23745000e-07,-1.28000000e-01
1.23905000e-07,-1.28000000e-01
1.24065000e-07,-1.28000000e-01
1.24225000e-07,-1.28000000e-01
1.24385000e-07,-1.28000000e-01
1.24545000e-07,-1.20000000e-01
1.24705000e-07,-1.28000000e-01
1.24865000e-07,-1.28000000e-01
1.25025000e-07,-1.28000000e-01
1.25185000e-07,-1.28000000e-01
1.25345000e-07,-1.28000000e-01
1.25505000e-07,-1.28000000e-01
1.25665000e-07,-1.20000000e-01
1.25825000e-07,-1.28000000e-01
1.25985000e-07,-1.28000000e-01
1.26145000e-07,-1.28000000e-01
1.26305000e-07,-1.28000000e-01
1.26465000e-07,-1.28000000e-01
1.26625000e-07,-1.28000000e-01
1.26785000e-07,-1.28000000e-01
1.26945000e-07,-1.28000000e-01
1.27105000e-07,-1.28000000e-01
1.27265000e-07,-1.28000000e-01
1.27425000e-07,-1.28000000e-01
1.27585000e-07,-1.28000000e-01
1.27745000e-07,-1.28000000e-01
1.27905000e-07,-1.28000000e-01
1.28065000e-07,-1.20000000e-01
1.28225000e-07,-1.20000000e-01
1.28385000e-07,-1.28000000e-01
1.28545000e-07,-1.28000000e-01
1.28705000e-07,-1.28000000e-01
1.28865000e-07,-1.20000000e-01
1.29025000e-07,-1.20000000e-01
1.29185000e-07,-1.28000000e-01
1.29345000e-07,-1.28000000e-01
1.29505000e-07,-1.20000000e-01
1.29665000e-07,-1.20000000e-01
1.29825000e-07,-1.20000000e-01
1.29985000e-07,-1.20000000e-01
1.30145000e-07,-1.20000000e-01
1.30305000e-07,-1.20000000e-01
1.30465000e-07,-1.28000000e-01
1.30625000e-07,-1.28000000e-01
1.30785000e-07,-1.20000000e-01
1.30945000e-07,-1.20000000e-01
1.31105000e-07,-1.20000000e-01
1.31265000e-07,-1.20000000e-01
1.31425000e-07,-1.12000000e-01
1.31585000e-07,-1.12000000e-01
1.31745000e-07,-1.20000000e-01
1.31905000e-07,-1.20000000e-01
1.32065000e-07,-1.12000000e-01
1.32225000e-07,-1.12000000e-01
1.32385000e-07,-1.12000000e-01
1.32545000e-07,-1.12000000e-01
1.32705000e-07,-1.12000000e-01
1.32865000e-07,-1.12000000e-01
1.33025000e-07,-1.20000000e-01
1.33185000e-07,-1.20000000e-01
1.33345000e-07,-1.12000000e-01
1.33505000e-07,-1.12000000e-01
1.33665000e-07,-1.20000000e-01
1.33825000e-07,-1.20000000e-01
1.33985000e-07,-1.12000000e-01
1.34145000e-07,-1.20000000e-01
1.34305000e-07,-1.20000000e-01
1.34465000e-07,-1.20000000e-01
1.34625000e-07,-1.20000000e-01
1.34785000e-07,-1.12000000e-01
1.34945000e-07,-1.12000000e-01
1.35105000e-07,-1.12000000e-01
1.35265000e-07,-1.12000000e-01
1.35425000e-07,-1.12000000e-01
1.35585000e-07,-1.12000000e-01
1.35745000e-07,-1.12000000e-01
1.35905000e-07,-1.12000000e-01
1.36065000e-07,-1.12000000e-01
1.36225000e-07,-1.12000000e-01
1.36385000e-07,-1.04000000e-01
1.36545000e-07,-1.04000000e-01
1.36705000e-07,-1.12000000e-01
1.36865000e-07,-1.12000000e-01
1.37025000e-07,-1.12000000e-01
1.37185000e-07,-1.04000000e-01
1.37345000e-07,-1.12000000e-01
1.37505000e-07,-1.12000000e-01
1.37665000e-07,-1.12000000e-01
1.37825000e-07,-1.12000000e-01
1.37985000e-07,-1.12000000e-01
1.38145000e-07,-1.12000000e-01
1.38305000e-07,-1.12000000e-01
1.38465000e-07,-1.04000000e-01
1.38625000e-07,-1.04000000e-01
1.38785000e-07,-1.12000000e-01
1.38945000e-07,-1.20000000e-01
1.39105000e-07,-1.12000000e-01
1.39265000e-07,-1.12000000e-01
1.39425000e-07,-1.12000000e-01
1.39585000e-07,-1.12000000e-01
1.39745000e-07,-1.04000000e-01
1.39905000e-07,-1.04000000e-01
1.40065000e-07,-1.12000000e-01
1.40225000e-07,-1.12000000e-01
1.40385000e-07,-1.04000000e-01
1.40545000e-07,-1.04000000e-01
1.40705000e-07,-1.04000000e-01
1.40865000e-07,-1.04000000e-01
1.41025000e-07,-1.04000000e-01
1.41185000e-07,-1.04000000e-01
1.41345000e-07,-1.04000000e-01
1.41505000e-07,-1.04000000e-01
1.41665000e-07,-1.04000000e-01
1.41825000e-07,-1.04000000e-01
1.41985000e-07,-1.12000000e-01
1.42145000e-07,-1.04000000e-01
1.42305000e-07,-1.04000000e-01
1.42465000e-07,-1.04000000e-01
1.42625000e-07,-1.04000000e-01
1.42785000e-07,-1.04000000e-01
1.42945000e-07,-1.04000000e-01
1.43105000e-07,-9.60000000e-02
1.43265000e-07,-1.04000000e-01
1.43425000e-07,-1.04000000e-01
1.43585000e-07,-9.60000000e-02
1.43745000e-07,-1.04000000e-01
1.43905000e-07,-1.04000000e-01
1.44065000e-07,-1.04000000e-01
1.44225000e-07,-9.60000000e-02
1.44385000e-07,-1.04000000e-01
1.44545000e-07,-1.04000000e-01
1.44705000e-07,-1.04000000e-01
1.44865000e-07,-1.04000000e-01
1.45025000e-07,-1.04000000e-01
1.45185000e-07,-1.04000000e-01
1.45345000e-07,-9.60000000e-02
1.45505000e-07,-9.60000000e-02
1.45665000e-07,-9.60000000e-02
1.45825000e-07,-1.04000000e-01
1.45985000e-07,-9.60000000e-02
1.46145000e-07,-9.60000000e-02
1.46305000e-07,-9.60000000e-02
1.46465000e-07,-9.60000000e-02
1.46625000e-07,-9.60000000e-02
1.46785000e-07,-9.60000000e-02
1.46945000e-07,-9.60000000e-02
1.47105000e-07,-9.60000000e-02
1.47265000e-07,-9.60000000e-02
1.47425000e-07,-9.60000000e-02
1.47585000e-07,-9.60000000e-02
1.47745000e-07,-9.60000000e-02
1.47905000e-07,-9.60000000e-02
1.48065000e-07,-9.60000000e-02
1.48225000e-07,-8.80000000e-02
1.48385000e-07,-9.60000000e-02
1.48545000e-07,-9.60000000e-02
1.48705000e-07,-8.80000000e-02
1.48865000e-07,-8.80000000e-02
1.49025000e-07,-9.60000000e-02
1.49185000e-07,-9.60000000e-02
1.49345000e-07,-9.60000000e-02
1.49505000e-07,-9.60000000e-02
1.49665000e-07,-9.60000000e-02
1.49825000e-07,-9.60000000e-02
1.49985000e-07,-9.60000000e-02
1.50145000e-07,-8.80000000e-02
1.50305000e-07,-8.80000000e-02
1.50465000e-07,-8.80000000e-02
1.50625000e-07,-8.80000000e-02
1.50785000e-07,-8.80000000e-02
1.50945000e-07,-9.60000000e-02
1.51105000e-07,-8.80000000e-02
1.51265000e-07,-8.80000000e-02
1.51425000e-07,-9.60000000e-02
1.51585000e-07,-9.60000000e-02
1.51745000e-07,-9.60000000e-02
1.51905000e-07,-8.80000000e-02
1.52065000e-07,-8.80000000e-02
1.52225000e-07,-9.60000000e-02
1.52385000e-07,-9.60000000e-02
1.52545000e-07,-8.80000000e-02
1.52705000e-07,-8.80000000e-02
1.52865000e-07,-8.80000000e-02
1.53025000e-07,-8.80000000e-02
1.53185000e-07,-8.80000000e-02
1.53345000e-07,-8.80000000e-02
1.53505000e-07,-9.60000000e-02
1.53665000e-07,-8.80000000e-02
1.53825000e-07,-8.80000000e-02
1.53985000e-07,-8.80000000e-02
1.54145000e-07,-9.60000000e-02
1.54305000e-07,-9.60000000e-02
1.54465000e-07,-8.80000000e-02
1.54625000e-07,-8.80000000e-02
1.54785000e-07,-8.80000000e-02
1.54945000e-07,-8.80000000e-02
1.55105000e-07,-8.80000000e-02
1.55265000e-07,-8.80000000e-02
1.55425000e-07,-8.80000000e-02
1.55585000e-07,-8.00000000e-02
1.55745000e-07,-8.00000000e-02
1.55905000e-07,-8.00000000e-02
1.56065000e-07,-8.80000000e-02
1.56225000e-07,-8.80000000e-02
1.56385000e-07,-8.80000000e-02
1.56545000e-07,-8.80000000e-02
1.56705000e-07,-8.80000000e-02
1.56865000e-07,-8.80000000e-02
1.57025000e-07,-8.00000000e-02
1.57185000e-07,-8.80000000e-02
1.57345000e-07,-9.60000000e-02
1.57505000e-07,-8.80000000e-02
1.57665000e-07,-8.00000000e-02
1.57825000e-07,-8.80000000e-02
1.57985000e-07,-8.00000000e-02
1.58145000e-07,-8.00000000e-02
1.58305000e-07,-8.80000000e-02
1.58465000e-07,-8.80000000e-02
1.58625000e-07,-8.80000000e-02
1.58785000e-07,-8.00000000e-02
1.58945000e-07,-8.00000000e-02
1.59105000e-07,-8.80000000e-02
1.59265000e-07,-8.80000000e-02
1.59425000e-07,-8.80000000e-02
1.59585000e-07,-8.00000000e-02
1.59745000e-07,-8.80000000e-02
1.59905000e-07,-8.80000000e-02
1.60065000e-07,-8.80000000e-02
1.60225000e-07,-8.80000000e-02
1.60385000e-07,-8.00000000e-02
1.60545000e-07,-8.00000000e-02
1.60705000e-07,-8.00000000e-02
1.60865000e-07,-8.00000000e-02
1.61025000e-07,-8.00000000e-02
1.61185000e-07,-8.80000000e-02
1.61345000e-07,-8.80000000e-02
1.61505000e-07,-8.00000000e-02
1.61665000e-07,-8.00000000e-02
1.61825000e-07,-8.00000000e-02
1.61985000e-07,-8.00000000e-02
1.62145000e-07,-8.00000000e-02
1.62305000e-07,-8.00000000e-02
1.62465000e-07,-8.00000000e-02
1.62625000e-07,-8.80000000e-02
1.62785000e-07,-8.00000000e-02
1.62945000e-07,-8.00000000e-02
1.63105000e-07,-8.00000000e-02
1.63265000e-07,-8.00000000e-02
1.63425000e-07,-8.00000000e-02
1.63585000e-07,-7.20000000e-02
1.63745000e-07,-8.00000000e-02
1.63905000e-07,-8.00000000e-02
1.64065000e-07,-8.00000000e-02
1.64225000e-07,-8.00000000e-02
1.64385000e-07,-8.00000000e-02
1.64545000e-07,-8.00000000e-02
1.64705000e-07,-7.20000000e-02
1.64865000e-07,-7.20000000e-02
1.65025000e-07,-8.00000000e-02
1.65185000e-07,-8.00000000e-02
1.65345000e-07,-8.00000000e-02
1.65505000e-07,-7.20000000e-02
1.65665000e-07,-8.00000000e-02
1.65825000e-07,-8.00000000e-02
1.65985000e-07,-7.20000000e-02
1.66145000e-07,-7.20000000e-02
1.66305000e-07,-8.00000000e-02
1.66465000e-07,-8.00000000e-02
1.66625000e-07,-8.00000000e-02
1.66785000e-07,-7.20000000e-02
1.66945000e-07,-7.20000000e-02
1.67105000e-07,-7.20000000e-02
1.67265000e-07,-7.20000000e-02
1.67425000e-07,-7.20000000e-02
1.67585000e-07,-8.00000000e-02
1.67745000e-07,-8.00000000e-02
1.67905000e-07,-7.20000000e-02
1.68065000e-07,-7.20000000e-02
1.68225000e-07,-7.20000000e-02
1.68385000e-07,-7.20000000e-02
1.68545000e-07,-7.20000000e-02
1.68705000e-07,-7.20000000e-02
1.68865000e-07,-7.20000000e-02
1.69025000e-07,-7.20000000e-02
1.69185000e-07,-6.40000000e-02
1.69345000e-07,-7.20000000e-02
1.69505000e-07,-8.00000000e-02
1.69665000e-07,-7.20000000e-02
1.69825000e-07,-6.40000000e-02
1.69985000e-07,-6.40000000e-02
1.70145000e-07,-7.20000000e-02
1.70305000e-07,-7.20000000e-02
1.70465000e-07,-7.20000000e-02
1.70625000e-07,-7.20000000e-02
1.70785000e-07,-7.20000000e-02
1.70945000e-07,-6.40000000e-02
1.71105000e-07,-6.40000000e-02
1.71265000e-07,-7.20000000e-02
1.71425000e-07,-7.20000000e-02
1.71585000e-07,-7.20000000e-02
1.71745000e-07,-7.20000000e-02
1.71905000e-07,-7.20000000e-02
1.72065000e-07,-7.20000000e-02
1.72225000e-07,-6.40000000e-02
1.72385000e-07,-6.40000000e-02
1.72545000e-07,-7.20000000e-02
1.72705000e-07,-7.20000000e-02
1.72865000e-07,-6.40000000e-02
1.73025000e-07,-6.40000000e-02
1.73185000e-07,-6.40000000e-02
1.73345000e-07,-7.20000000e-02
1.73505000e-07,-7.20000000e-02
1.73665000e-07,-6.40000000e-02
1.73825000e-07,-6.40000000e-02
1.73985000e-07,-7.20000000e-02
1.74145000e-07,-6.40000000e-02
1.74305000e-07,-6.40000000e-02
1.74465000e-07,-6.40000000e-02
1.74625000e-07,-7.20000000e-02
1.74785000e-07,-6.40000000e-02
1.74945000e-07,-6.40000000e-02
1.75105000e-07,-6.40000000e-02
1.75265000e-07,-6.40000000e-02
1.75425000e-07,-6.40000000e-02
1.75585000e-07,-7.20000000e-02
1.75745000e-07,-7.20000000e-02
1.75905000e-07,-6.40000000e-02
1.76065000e-07,-6.40000000e-02
1.76225000e-07,-5.60000000e-02
1.76385000e-07,-6.40000000e-02
1.76545000e-07,-7.20000000e-02
1.76705000e-07,-7.20000000e-02
1.76865000e-07,-6.40000000e-02
1.77025000e-07,-6.40000000e-02
1.77185000e-07,-7.20000000e-02
1.77345000e-07,-7.20000000e-02
1.77505000e-07,-6.40000000e-02
1.77665000e-07,-6.40000000e-02
1.77825000e-07,-7.20000000e-02
1.77985000e-07,-6.40000000e-02
1.78145000e-07,-6.40000000e-02
1.78305000e-07,-5.60000000e-02
1.78465000e-07,-6.40000000e-02
1.78625000e-07,-6.40000000e-02
1.78785000e-07,-6.40000000e-02
1.78945000e-07,-6.40000000e-02
1.79105000e-07,-6.40000000e-02
1.79265000e-07,-5.60000000e-02
1.79425000e-07,-5.60000000e-02
1.79585000e-07,-5.60000000e-02
1.79745000e-07,-6.40000000e-02
1.79905000e-07,-6.40000000e-02
1.80065000e-07,-5.60000000e-02
1.80225000e-07,-5.60000000e-02
1.80385000e-07,-6.40000000e-02
1.80545000e-07,-6.40000000e-02
1.80705000e-07,-6.40000000e-02
1.80865000e-07,-6.40000000e-02
1.81025000e-07,-6.40000000e-02
1.81185000e-07,-6.40000000e-02
1.81345000e-07,-6.40000000e-02
1.81505000e-07,-5.60000000e-02
1.81665000e-07,-6.40000000e-02
1.81825000e-07,-6.40000000e-02
1.81985000e-07,-6.40000000e-02
1.82145000e-07,-6.40000000e-02
1.82305000e-07,-6.40000000e-02
1.82465000e-07,-6.40000000e-02
1.82625000e-07,-5.60000000e-02
1.82785000e-07,-6.40000000e-02
1.82945000e-07,-6.40000000e-02
1.83105000e-07,-6.40000000e-02
1.83265000e-07,-5.60000000e-02
1.83425000e-07,-6.40000000e-02
1.83585000e-07,-6.40000000e-02
1.83745000e-07,-6.40000000e-02
1.83905000e-07,-5.60000000e-02
1.84065000e-07,-5.60000000e-02
1.84225000e-07,-5.60000000e-02
1.84385000e-07,-6.40000000e-02
1.84545000e-07,-5.60000000e-02
1.84705000e-07,-5.60000000e-02
1.84865000e-07,-6.40000000e-02
1.85025000e-07,-5.60000000e-02
1.85185000e-07,-5.60000000e-02
1.85345000e-07,-5.60000000e-02
1.85505000e-07,-5.60000000e-02
1.85665000e-07,-5.60000000e-02
1.85825000e-07,-5.60000000e-02
1.85985000e-07,-5.60000000e-02
1.86145000e-07,-6.40000000e-02
1.86305000e-07,-5.60000000e-02
1.86465000e-07,-5.60000000e-02
1.86625000e-07,-5.60000000e-02
1.86785000e-07,-5.60000000e-02
1.86945000e-07,-5.60000000e-02
1.87105000e-07,-5.60000000e-02
1.87265000e-07,-5.60000000e-02
1.87425000e-07,-5.60000000e-02
1.87585000e-07,-5.60000000e-02
1.87745000e-07,-5.60000000e-02
1.87905000e-07,-5.60000000e-02
1.88065000e-07,-5.60000000e-02
1.88225000e-07,-6.40000000e-02
1.88385000e-07,-5.60000000e-02
1.88545000e-07,-5.60000000e-02
1.88705000e-07,-6.40000000e-02
1.88865000e-07,-5.60000000e-02
1.89025000e-07,-5.60000000e-02
1.89185000e-07,-5.60000000e-02
1.89345000e-07,-5.60000000e-02
1.89505000e-07,-5.60000000e-02
1.89665000e-07,-5.60000000e-02
1.89825000e-07,-5.60000000e-02
1.89985000e-07,-5.60000000e-02
1.90145000e-07,-6.40000000e-02
1.90305000e-07,-5.60000000e-02
1.90465000e-07,-5.60000000e-02
1.90625000e-07,-4.80000000e-02
1.90785000e-07,-4.80000000e-02
1.90945000e-07,-4.80000000e-02
1.91105000e-07,-5.60000000e-02
1.91265000e-07,-5.60000000e-02
1.91425000e-07,-5.60000000e-02
1.91585000e-07,-4.80000000e-02
1.91745000e-07,-4.80000000e-02
1.91905000e-07,-5.60000000e-02
1.92065000e-07,-5.60000000e-02
1.92225000e-07,-5.60000000e-02
1.92385000e-07,-5.60000000e-02
1.92545000e-07,-5.60000000e-02
1.92705000e-07,-5.60000000e-02
1.92865000e-07,-5.60000000e-02
1.93025000e-07,-5.60000000e-02
1.93185000e-07,-5.60000000e-02
1.93345000e-07,-5.60000000e-02
1.93505000e-07,-5.60000000e-02
1.93665000e-07,-5.60000000e-02
1.93825000e-07,-5.60000000e-02
1.93985000e-07,-4.80000000e-02
1.94145000e-07,-4.80000000e-02
1.94305000e-07,-4.80000000e-02
1.94465000e-07,-5.60000000e-02
1.94625000e-07,-5.60000000e-02
1.94785000e-07,-4.80000000e-02
1.94945000e-07,-5.60000000e-02
1.95105000e-07,-5.60000000e-02
1.95265000e-07,-5.60000000e-02
1.95425000e-07,-4.80000000e-02
1.95585000e-07,-4.80000000e-02
1.95745000e-07,-5.60000000e-02
1.95905000e-07,-5.60000000e-02
1.96065000e-07,-4.80000000e-02
1.96225000e-07,-4.80000000e-02
1.96385000e-07,-5.60000000e-02
1.96545000e-07,-4.80000000e-02
1.96705000e-07,-4.80000000e-02
1.96865000e-07,-4.80000000e-02
1.97025000e-07,-5.60000000e-02
1.97185000e-07,-5.60000000e-02
1.97345000e-07,-4.80000000e-02
1.97505000e-07,-4.80000000e-02
1.97665000e-07,-4.80000000e-02
1.97825000e-07,-5.60000000e-02
1.97985000e-07,-4.80000000e-02
1.98145000e-07,-4.80000000e-02
1.98305000e-07,-4.80000000e-02
1.98465000e-07,-4.80000000e-02
1.98625000e-07,-4.80000000e-02
1.98785000e-07,-4.80000000e-02
1.98945000e-07,-4.80000000e-02
1.99105000e-07,-4.80000000e-02
1.99265000e-07,-4.80000000e-02
1.99425000e-07,-4.80000000e-02
1.99585000e-07,-5.60000000e-02
1.99745000e-07,-5.60000000e-02
1.99905000e-07,-4.80000000e-02
2.00065000e-07,-4.80000000e-02
2.00225000e-07,-4.80000000e-02
2.00385000e-07,-4.80000000e-02
2.00545000e-07,-4.80000000e-02
2.00705000e-07,-4.80000000e-02
2.00865000e-07,-5.60000000e-02
2.01025000e-07,-5.60000000e-02
2.01185000e-07,-4.80000000e-02
2.01345000e-07,-4.80000000e-02
2.01505000e-07,-4.80000000e-02
2.01665000e-07,-4.00000000e-02
2.01825000e-07,-4.00000000e-02
2.01985000e-07,-4.00000000e-02
2.02145000e-07,-5.60000000e-02
2.02305000e-07,-5.60000000e-02
2.02465000e-07,-4.80000000e-02
2.02625000e-07,-4.00000000e-02
2.02785000e-07,-4.80000000e-02
2.02945000e-07,-4.80000000e-02
2.03105000e-07,-4.80000000e-02
2.03265000e-07,-4.80000000e-02
2.03425000e-07,-4.80000000e-02
2.03585000e-07,-4.80000000e-02
2.03745000e-07,-4.00000000e-02
2.03905000e-07,-4.80000000e-02
2.04065000e-07,-5.60000000e-02
2.04225000e-07,-5.60000000e-02
2.04385000e-07,-4.80000000e-02
2.04545000e-07,-4.80000000e-02
2.04705000e-07,-4.80000000e-02
2.04865000e-07,-4.00000000e-02
2.05025000e-07,-4.80000000e-02
2.05185000e-07,-4.80000000e-02
2.05345000e-07,-4.80000000e-02
2.05505000e-07,-4.00000000e-02
2.05665000e-07,-4.00000000e-02
2.05825000e-07,-4.80000000e-02
2.05985000e-07,-4.80000000e-02
2.06145000e-07,-4.80000000e-02
2.06305000e-07,-4.00000000e-02
2.06465000e-07,-4.00000000e-02
2.06625000e-07,-4.80000000e-02
2.06785000e-07,-4.80000000e-02
2.06945000e-07,-4.00000000e-02
2.07105000e-07,-4.00000000e-02
2.07265000e-07,-4.80000000e-02
2.07425000e-07,-4.00000000e-02
2.07585000e-07,-3.20000000e-02
2.07745000e-07,-4.00000000e-02
2.07905000e-07,-4.80000000e-02
2.08065000e-07,-4.80000000e-02
2.08225000e-07,-4.00000000e-02
2.08385000e-07,-4.00000000e-02
2.08545000e-07,-4.80000000e-02
2.08705000e-07,-4.80000000e-02
2.08865000e-07,-4.00000000e-02
2.09025000e-07,-4.00000000e-02
2.09185000e-07,-4.00000000e-02
2.09345000e-07,-4.00000000e-02
2.09505000e-07,-4.00000000e-02
2.09665000e-07,-4.00000000e-02
2.09825000e-07,-4.80000000e-02
2.09985000e-07,-4.80000000e-02
2.10145000e-07,-4.00000000e-02
2.10305000e-07,-4.00000000e-02
2.10465000e-07,-4.00000000e-02
2.10625000e-07,-4.00000000e-02
2.10785000e-07,-4.00000000e-02
2.10945000e-07,-4.80000000e-02
2.11105000e-07,-5.60000000e-02
2.11265000e-07,-4.80000000e-02
2.11425000e-07,-4.00000000e-02
2.11585000e-07,-4.00000000e-02
2.11745000e-07,-4.00000000e-02
2.11905000e-07,-4.00000000e-02
2.12065000e-07,-4.00000000e-02
2.12225000e-07,-4.00000000e-02
2.12385000e-07,-4.80000000e-02
2.12545000e-07,-4.80000000e-02
2.12705000e-07,-4.00000000e-02
2.12865000e-07,-4.00000000e-02
2.13025000e-07,-4.00000000e-02
2.13185000e-07,-4.00000000e-02
2.13345000e-07,-4.00000000e-02
2.13505000e-07,-4.80000000e-02
2.13665000e-07,-4.80000000e-02
2.13825000e-07,-4.00000000e-02
2.13985000e-07,-4.00000000e-02
2.14145000e-07,-4.00000000e-02
2.14305000e-07,-4.00000000e-02
2.14465000e-07,-4.00000000e-02
2.14625000e-07,-4.00000000e-02
2.14785000e-07,-4.00000000e-02
2.14945000e-07,-4.00000000e-02
2.15105000e-07,-4.00000000e-02
2.15265000e-07,-4.00000000e-02
2.15425000e-07,-4.00000000e-02
2.15585000e-07,-4.00000000e-02
2.15745000e-07,-4.00000000e-02
2.15905000e-07,-4.00000000e-02
2.16065000e-07,-4.00000000e-02
2.16225000e-07,-4.00000000e-02
2.16385000e-07,-4.00000000e-02
2.16545000e-07,-4.00000000e-02
2.16705000e-07,-3.20000000e-02
2.16865000e-07,-4.00000000e-02
2.17025000e-07,-4.00000000e-02
2.17185000e-07,-4.00000000e-02
2.17345000e-07,-4.00000000e-02
2.17505000e-07,-4.00000000e-02
2.17665000e-07,-4.00000000e-02
2.17825000e-07,-3.20000000e-02
2.17985000e-07,-3.20000000e-02
2.18145000e-07,-4.00000000e-02
2.18305000e-07,-4.00000000e-02
2.18465000e-07,-3.20000000e-02
2.18625000e-07,-3.20000000e-02
2.18785000e-07,-3.20000000e-02
2.18945000e-07,-4.00000000e-02
2.19105000e-07,-3.20000000e-02
2.19265000e-07,-3.20000000e-02
2.19425000e-07,-4.00000000e-02
2.19585000e-07,-3.20000000e-02
2.19745000e-07,-3.20000000e-02
2.19905000e-07,-3.20000000e-02
2.20065000e-07,-3.20000000e-02
2.20225000e-07,-3.20000000e-02
2.20385000e-07,-3.20000000e-02
2.20545000e-07,-3.20000000e-02
2.20705000e-07,-4.00000000e-02
2.20865000e-07,-4.00000000e-02
2.21025000e-07,-3.20000000e-02
2.21185000e-07,-4.00000000e-02
2.21345000e-07,-4.00000000e-02
2.21505000e-07,-3.20000000e-02
2.21665000e-07,-3.20000000e-02
2.21825000e-07,-3.20000000e-02
2.21985000e-07,-4.00000000e-02
2.22145000e-07,-4.00000000e-02
2.22305000e-07,-3.20000000e-02
2.22465000e-07,-3.20000000e-02
2.22625000e-07,-4.00000000e-02
2.22785000e-07,-4.00000000e-02
2.22945000e-07,-3.20000000e-02
2.23105000e-07,-3.20000000e-02
2.23265000e-07,-4.00000000e-02
2.23425000e-07,-3.20000000e-02
2.23585000e-07,-3.20000000e-02
2.23745000e-07,-4.00000000e-02
2.23905000e-07,-4.80000000e-02
2.24065000e-07,-4.00000000e-02
2.24225000e-07,-3.20000000e-02
2.24385000e-07,-3.20000000e-02
2.24545000e-07,-3.20000000e-02
2.24705000e-07,-3.20000000e-02
2.24865000e-07,-3.20000000e-02
2.25025000e-07,-3.20000000e-02
2.25185000e-07,-3.20000000e-02
2.25345000e-07,-3.20000000e-02
2.25505000e-07,-3.20000000e-02
2.25665000e-07,-3.20000000e-02
2.25825000e-07,-4.00000000e-02
2.25985000e-07,-3.20000000e-02
2.26145000e-07,-3.20000000e-02
2.26305000e-07,-3.20000000e-02
2.26465000e-07,-4.00000000e-02
2.26625000e-07,-3.20000000e-02
2.26785000e-07,-3.20000000e-02
2.26945000e-07,-3.20000000e-02
2.27105000e-07,-3.20000000e-02
2.27265000e-07,-3.20000000e-02
2.27425000e-07,-3.20000000e-02
2.27585000e-07,-3.20000000e-02
2.27745000e-07,-3.20000000e-02
2.27905000e-07,-3.20000000e-02
2.28065000e-07,-3.20000000e-02
2.28225000e-07,-2.40000000e-02
2.28385000e-07,-3.20000000e-02
2.28545000e-07,-3.20000000e-02
2.28705000e-07,-3.20000000e-02
2.28865000e-07,-3.20000000e-02
2.29025000e-07,-3.20000000e-02
2.29185000e-07,-4.00000000e-02
2.29345000e-07,-3.20000000e-02
2.29505000e-07,-3.20000000e-02
2.29665000e-07,-3.20000000e-02
2.29825000e-07,-4.00000000e-02
2.29985000e-07,-3.20000000e-02
2.30145000e-07,-3.20000000e-02
2.30305000e-07,-3.20000000e-02
2.30465000e-07,-3.20000000e-02
2.30625000e-07,-2.40000000e-02
2.30785000e-07,-3.20000000e-02
2.30945000e-07,-3.20000000e-02
2.31105000e-07,-3.20000000e-02
2.31265000e-07,-3.20000000e-02
2.31425000e-07,-3.20000000e-02
2.31585000e-07,-3.20000000e-02
2.31745000e-07,-3.20000000e-02
2.31905000e-07,-3.20000000e-02
2.32065000e-07,-3.20000000e-02
2.32225000e-07,-4.00000000e-02
2.32385000e-07,-3.20000000e-02
2.32545000e-07,-3.20000000e-02
2.32705000e-07,-3.20000000e-02
2.32865000e-07,-3.20000000e-02
2.33025000e-07,-3.20000000e-02
2.33185000e-07,-2.40000000e-02
2.33345000e-07,-2.40000000e-02
2.33505000e-07,-3.20000000e-02
2.33665000e-07,-3.20000000e-02
2.33825000e-07,-3.20000000e-02
2.33985000e-07,-3.20000000e-02
2.34145000e-07,-3.20000000e-02
2.34305000e-07,-3.20000000e-02
2.34465000e-07,-3.20000000e-02
2.34625000e-07,-3.20000000e-02
2.34785000e-07,-3.20000000e-02
2.34945000e-07,-2.40000000e-02
2.35105000e-07,-2.40000000e-02
2.35265000e-07,-2.40000000e-02
2.35425000e-07,-2.40000000e-02
2.35585000e-07,-2.40000000e-02
2.35745000e-07,-2.40000000e-02
2.35905000e-07,-3.20000000e-02
2.36065000e-07,-3.20000000e-02
2.36225000e-07,-3.20000000e-02
2.36385000e-07,-3.20000000e-02
2.36545000e-07,-3.20000000e-02
2.36705000e-07,-3.20000000e-02
2.36865000e-07,-3.20000000e-02
2.37025000e-07,-2.40000000e-02
2.37185000e-07,-3.20000000e-02
2.37345000e-07,-3.20000000e-02
2.37505000e-07,-2.40000000e-02
2.37665000e-07,-2.40000000e-02
2.37825000e-07,-2.40000000e-02
2.37985000e-07,-3.20000000e-02
2.38145000e-07,-3.20000000e-02
2.38305000e-07,-3.20000000e-02
2.38465000e-07,-3.20000000e-02
2.38625000e-07,-2.40000000e-02
2.38785000e-07,-2.40000000e-02
2.38945000e-07,-2.40000000e-02
2.39105000e-07,-2.40000000e-02
2.39265000e-07,-3.20000000e-02
2.39425000e-07,-3.20000000e-02
2.39585000e-07,-3.20000000e-02
2.39745000e-07,-2.40000000e-02
2.39905000e-07,-2.40000000e-02
2.40065000e-07,-3.20000000e-02
2.40225000e-07,-3.20000000e-02
2.40385000e-07,-3.20000000e-02
2.40545000e-07,-3.20000000e-02
2.40705000e-07,-2.40000000e-02
2.40865000e-07,-2.40000000e-02
2.41025000e-07,-2.40000000e-02
2.41185000e-07,-3.20000000e-02
2.41345000e-07,-3.20000000e-02
2.41505000e-07,-2.40000000e-02
2.41665000e-07,-2.40000000e-02
2.41825000e-07,-3.20000000e-02
2.41985000e-07,-3.20000000e-02
2.42145000e-07,-2.40000000e-02
2.42305000e-07,-2.40000000e-02
2.42465000e-07,-3.20000000e-02
2.42625000e-07,-2.40000000e-02
2.42785000e-07,-1.60000000e-02
2.42945000e-07,-2.40000000e-02
2.43105000e-07,-3.20000000e-02
2.43265000e-07,-2.40000000e-02
2.43425000e-07,-1.60000000e-02
2.43585000e-07,-2.40000000e-02
2.43745000e-07,-3.20000000e-02
2.43905000e-07,-3.20000000e-02
2.44065000e-07,-3.20000000e-02
2.44225000e-07,-3.20000000e-02
2.44385000e-07,-3.20000000e-02
2.44545000e-07,-2.40000000e-02
2.44705000e-07,-2.40000000e-02
2.44865000e-07,-2.40000000e-02
2.45025000e-07,-3.20000000e-02
2.45185000e-07,-3.20000000e-02
2.45345000e-07,-2.40000000e-02
2.45505000e-07,-3.20000000e-02
2.45665000e-07,-3.20000000e-02
2.45825000e-07,-2.40000000e-02
2.45985000e-07,-2.40000000e-02
2.46145000e-07,-2.40000000e-02
2.46305000e-07,-3.20000000e-02
2.46465000e-07,-3.20000000e-02
2.46625000e-07,-2.40000000e-02
2.46785000e-07,-3.20000000e-02
2.46945000e-07,-3.20000000e-02
2.47105000e-07,-3.20000000e-02
2.47265000e-07,-2.40000000e-02
2.47425000e-07,-2.40000000e-02
2.47585000e-07,-3.20000000e-02
2.47745000e-07,-2.40000000e-02
2.47905000e-07,-2.40000000e-02
2.48065000e-07,-2.40000000e-02
2.48225000e-07,-2.40000000e-02
2.48385000e-07,-2.40000000e-02
2.48545000e-07,-2.40000000e-02
2.48705000e-07,-2.40000000e-02
2.48865000e-07,-3.20000000e-02
2.49025000e-07,-2.40000000e-02
2.49185000e-07,-2.40000000e-02
2.49345000e-07,-2.40000000e-02
2.49505000e-07,-2.40000000e-02
2.49665000e-07,-2.40000000e-02
2.49825000e-07,-2.40000000e-02
2.49985000e-07,-3.20000000e-02
2.50145000e-07,-3.20000000e-02
2.50305000e-07,-2.40000000e-02
2.50465000e-07,-1.60000000e-02
2.50625000e-07,-2.40000000e-02
2.50785000e-07,-2.40000000e-02
2.50945000e-07,-2.40000000e-02
2.51105000e-07,-2.40000000e-02
2.51265000e-07,-2.40000000e-02
2.51425000e-07,-2.40000000e-02
2.51585000e-07,-3.20000000e-02
2.51745000e-07,-2.40000000e-02
2.51905000e-07,-1.60000000e-02
2.52065000e-07,-2.40000000e-02
2.52225000e-07,-2.40000000e-02
2.52385000e-07,-2.40000000e-02
2.52545000e-07,-2.40000000e-02
2.52705000e-07,-3.20000000e-02
2.52865000e-07,-3.20000000e-02
2.53025000e-07,-2.40000000e-02
2.53185000e-07,-2.40000000e-02
2.53345000e-07,-2.40000000e-02
2.53505000e-07,-3.20000000e-02
2.53665000e-07,-2.40000000e-02
2.53825000e-07,-2.40000000e-02
2.53985000e-07,-2.40000000e-02
2.54145000e-07,-2.40000000e-02
2.54305000e-07,-2.40000000e-02
2.54465000e-07,-2.40000000e-02
2.54625000e-07,-2.40000000e-02
2.54785000e-07,-2.40000000e-02
2.54945000e-07,-2.40000000e-02
2.55105000e-07,-2.40000000e-02
2.55265000e-07,-2.40000000e-02
2.55425000e-07,-1.60000000e-02
2.55585000e-07,-2.40000000e-02
2.55745000e-07,-2.40000000e-02
2.55905000e-07,-2.40000000e-02
2.56065000e-07,-2.40000000e-02
2.56225000e-07,-2.40000000e-02
2.56385000e-07,-2.40000000e-02
2.56545000e-07,-2.40000000e-02
2.56705000e-07,-2.40000000e-02
2.56865000e-07,-2.40000000e-02
2.57025000e-07,-2.40000000e-02
2.57185000e-07,-2.40000000e-02
2.57345000e-07,-2.40000000e-02
2.57505000e-07,-1.60000000e-02
2.57665000e-07,-1.60000000e-02
2.57825000e-07,-2.40000000e-02
2.57985000e-07,-1.60000000e-02
2.58145000e-07,-2.40000000e-02
2.58305000e-07,-2.40000000e-02
2.58465000e-07,-3.20000000e-02
2.58625000e-07,-2.40000000e-02
2.58785000e-07,-1.60000000e-02
2.58945000e-07,-1.60000000e-02
2.59105000e-07,-2.40000000e-02
2.59265000e-07,-2.40000000e-02
2.59425000e-07,-2.40000000e-02
2.59585000e-07,-2.40000000e-02
2.59745000e-07,-2.40000000e-02
2.59905000e-07,-2.40000000e-02
2.60065000e-07,-2.40000000e-02
2.60225000e-07,-3.20000000e-02
2.60385000e-07,-2.40000000e-02
2.60545000e-07,-1.60000000e-02
2.60705000e-07,-1.60000000e-02
2.60865000e-07,-2.40000000e-02
2.61025000e-07,-2.40000000e-02
2.61185000e-07,-2.40000000e-02
2.61345000e-07,-1.60000000e-02
2.61505000e-07,-1.60000000e-02
2.61665000e-07,-2.40000000e-02
2.61825000e-07,-2.40000000e-02
2.61985000e-07,-2.40000000e-02
2.62145000e-07,-2.40000000e-02
2.62305000e-07,-2.40000000e-02
2.62465000e-07,-2.40000000e-02
2.62625000e-07,-2.40000000e-02
2.62785000e-07,-2.40000000e-02
2.62945000e-07,-2.40000000e-02
2.63105000e-07,-1.60000000e-02
2.63265000e-07,-1.60000000e-02
2.63425000e-07,-1.60000000e-02
2.63585000e-07,-2.40000000e-02
2.63745000e-07,-2.40000000e-02
2.63905000e-07,-2.40000000e-02
2.64065000e-07,-1.60000000e-02
2.64225000e-07,-1.60000000e-02
2.64385000e-07,-1.60000000e-02
2.64545000e-07,-1.60000000e-02
2.64705000e-07,-2.40000000e-02
2.64865000e-07,-2.40000000e-02
2.65025000e-07,-2.40000000e-02
2.65185000e-07,-1.60000000e-02
2.65345000e-07,-2.40000000e-02
2.65505000e-07,-2.40000000e-02
2.65665000e-07,-2.40000000e-02
2.65825000e-07,-2.40000000e-02
2.65985000e-07,-2.40000000e-02
2.66145000e-07,-2.40000000e-02
2.66305000e-07,-1.60000000e-02
2.66465000e-07,-1.60000000e-02
2.66625000e-07,-2.40000000e-02
2.66785000e-07,-2.40000000e-02
2.66945000e-07,-2.40000000e-02
2.67105000e-07,-1.60000000e-02
2.67265000e-07,-2.40000000e-02
2.67425000e-07,-2.40000000e-02
2.67585000e-07,-3.20000000e-02
2.67745000e-07,-2.40000000e-02
2.67905000e-07,-2.40000000e-02
2.68065000e-07,-2.40000000e-02
2.68225000e-07,-2.40000000e-02
2.68385000e-07,-1.60000000e-02
2.68545000e-07,-1.60000000e-02
2.68705000e-07,-2.40000000e-02
2.68865000e-07,-2.40000000e-02
2.69025000e-07,-2.40000000e-02
2.69185000e-07,-2.40000000e-02
2.69345000e-07,-2.40000000e-02
2.69505000e-07,-2.40000000e-02
2.69665000e-07,-1.60000000e-02
2.69825000e-07,-2.40000000e-02
2.69985000e-07,-2.40000000e-02
2.70145000e-07,-2.40000000e-02
2.70305000e-07,-1.60000000e-02
2.70465000e-07,-1.60000000e-02
2.70625000e-07,-2.40000000e-02
2.70785000e-07,-1.60000000e-02
2.70945000e-07,-8.00000000e-03
2.71105000e-07,-1.60000000e-02
2.71265000e-07,-1.60000000e-02
2.71425000e-07,-1.60000000e-02
2.71585000e-07,-1.60000000e-02
2.71745000e-07,-1.60000000e-02
2.71905000e-07,-2.40000000e-02
2.72065000e-07,-2.40000000e-02
2.72225000e-07,-1.60000000e-02
2.72385000e-07,-1.60000000e-02
2.72545000e-07,-1.60000000e-02
2.72705000e-07,-1.60000000e-02
2.72865000e-07,-1.60000000e-02
2.73025000e-07,-1.60000000e-02
2.73185000e-07,-2.40000000e-02
2.73345000e-07,-2.40000000e-02
2.73505000e-07,-2.40000000e-02
2.73665000e-07,-2.40000000e-02
2.73825000e-07,-2.40000000e-02
2.73985000e-07,-1.60000000e-02
2.74145000e-07,-1.60000000e-02
2.74305000e-07,-1.60000000e-02
2.74465000e-07,-1.60000000e-02
2.74625000e-07,-2.40000000e-02
2.74785000e-07,-1.60000000e-02
2.74945000e-07,-2.40000000e-02
2.75105000e-07,-2.40000000e-02
2.75265000e-07,-1.60000000e-02
2.75425000e-07,-1.60000000e-02
2.75585000e-07,-2.40000000e-02
2.75745000e-07,-2.40000000e-02
2.75905000e-07,-1.60000000e-02
2.76065000e-07,-1.60000000e-02
2.76225000e-07,-1.60000000e-02
2.76385000e-07,-1.60000000e-02
2.76545000e-07,-1.60000000e-02
2.76705000e-07,-1.60000000e-02
2.76865000e-07,-1.60000000e-02
2.77025000e-07,-2.40000000e-02
2.77185000e-07,-1.60000000e-02
2.77345000e-07,-1.60000000e-02
2.77505000e-07,-1.60000000e-02
2.77665000e-07,-1.60000000e-02
2.77825000e-07,-2.40000000e-02
2.77985000e-07,-1.60000000e-02
2.78145000e-07,-1.60000000e-02
2.78305000e-07,-1.60000000e-02
2.78465000e-07,-1.60000000e-02
2.78625000e-07,-1.60000000e-02
2.78785000e-07,-1.60000000e-02
2.78945000e-07,-1.60000000e-02
2.79105000e-07,-1.60000000e-02
2.79265000e-07,-1.60000000e-02
2.79425000e-07,-1.60000000e-02
2.79585000e-07,-2.40000000e-02
2.79745000e-07,-2.40000000e-02
2.79905000e-07,-1.60000000e-02
2.80065000e-07,-1.60000000e-02
2.80225000e-07,-1.60000000e-02
2.80385000e-07,-1.60000000e-02
2.80545000e-07,-1.60000000e-02
2.80705000e-07,-1.60000000e-02
2.80865000e-07,-1.60000000e-02
2.81025000e-07,-1.60000000e-02
2.81185000e-07,-8.00000000e-03
2.81345000e-07,-8.00000000e-03
2.81505000e-07,-1.60000000e-02
2.81665000e-07,-1.60000000e-02
2.81825000e-07,-1.60000000e-02
2.81985000e-07,-1.60000000e-02
2.82145000e-07,-1.60000000e-02
2.82305000e-07,-1.60000000e-02
2.82465000e-07,-8.00000000e-03
2.82625000e-07,-1.60000000e-02
2.82785000e-07,-2.40000000e-02
2.82945000e-07,-1.60000000e-02
2.83105000e-07,-1.60000000e-02
2.83265000e-07,-1.60000000e-02
2.83425000e-07,-1.60000000e-02
2.83585000e-07,-1.60000000e-02
2.83745000e-07,-8.00000000e-03
2.83905000e-07,-1.60000000e-02
2.84065000e-07,-2.40000000e-02
2.84225000e-07,-1.60000000e-02
2.84385000e-07,-1.60000000e-02
2.84545000e-07,-1.60000000e-02
2.84705000e-07,-1.60000000e-02
2.84865000e-07,-1.60000000e-02
2.85025000e-07,-1.60000000e-02
2.85185000e-07,-1.60000000e-02
2.85345000e-07,-1.60000000e-02
2.85505000e-07,-1.60000000e-02
2.85665000e-07,-1.60000000e-02
2.85825000e-07,-1.60000000e-02
2.85985000e-07,-1.60000000e-02
2.86145000e-07,-1.60000000e-02
2.86305000e-07,-1.60000000e-02
2.86465000e-07,-8.00000000e-03
2.86625000e-07,-1.60000000e-02
2.86785000e-07,-1.60000000e-02
2.86945000e-07,-8.00000000e-03
2.87105000e-07,-8.00000000e-03
2.87265000e-07,-1.60000000e-02
2.87425000e-07,-2.40000000e-02
2.87585000e-07,-1.60000000e-02
2.87745000e-07,-1.60000000e-02
2.87905000e-07,-1.60000000e-02
2.88065000e-07,-1.60000000e-02
2.88225000e-07,-8.00000000e-03
2.88385000e-07,-1.60000000e-02
2.88545000e-07,-1.60000000e-02
2.88705000e-07,-1.60000000e-02
2.88865000e-07,-8.00000000e-03
2.89025000e-07,-8.00000000e-03
2.89185000e-07,-1.60000000e-02
2.89345000e-07,-1.60000000e-02
2.89505000e-07,-1.60000000e-02
2.89665000e-07,-1.60000000e-02
2.89825000e-07,-1.60000000e-02
2.89985000e-07,-1.60000000e-02
2.90145000e-07,-1.60000000e-02
2.90305000e-07,-1.60000000e-02
2.90465000e-07,-1.60000000e-02
2.90625000e-07,-1.60000000e-02
2.90785000e-07,-8.00000000e-03
2.90945000e-07,-8.00000000e-03
2.91105000e-07,-1.60000000e-02
2.91265000e-07,-1.60000000e-02
2.91425000e-07,-8.00000000e-03
2.91585000e-07,-1.60000000e-02
2.91745000e-07,-1.60000000e-02
2.91905000e-07,-1.60000000e-02
2.92065000e-07,-8.00000000e-03
2.92225000e-07,-8.00000000e-03
2.92385000e-07,-1.60000000e-02
2.92545000e-07,-1.60000000e-02
2.92705000e-07,-1.60000000e-02
2.92865000e-07,-1.60000000e-02
2.93025000e-07,-1.60000000e-02
2.93185000e-07,-1.60000000e-02
2.93345000e-07,-1.60000000e-02
2.93505000e-07,-1.60000000e-02
2.93665000e-07,-1.60000000e-02
2.93825000e-07,-8.00000000e-03
2.93985000e-07,-8.00000000e-03
2.94145000e-07,-8.00000000e-03
2.94305000e-07,-1.60000000e-02
2.94465000e-07,-1.60000000e-02
2.94625000e-07,-1.60000000e-02
2.94785000e-07,-1.60000000e-02
2.94945000e-07,-2.40000000e-02
2.95105000e-07,-1.60000000e-02
2.95265000e-07,-1.60000000e-02
2.95425000e-07,-1.60000000e-02
2.95585000e-07,-1.60000000e-02
2.95745000e-07,-1.60000000e-02
2.95905000e-07,-1.60000000e-02
2.96065000e-07,-1.60000000e-02
2.96225000e-07,-1.60000000e-02
2.96385000e-07,-2.40000000e-02
2.96545000e-07,-1.60000000e-02
2.96705000e-07,-1.60000000e-02
2.96865000e-07,-1.60000000e-02
2.97025000e-07,-1.60000000e-02
2.97185000e-07,-1.60000000e-02
2.97345000e-07,-1.60000000e-02
2.97505000e-07,-1.60000000e-02
2.97665000e-07,-1.60000000e-02
2.97825000e-07,-8.00000000e-03
2.97985000e-07,-8.00000000e-03
2.98145000e-07,-1.60000000e-02
2.98305000e-07,-8.00000000e-03
2.98465000e-07,0.00000000e+00
2.98625000e-07,-8.00000000e-03
2.98785000e-07,-8.00000000e-03
2.98945000e-07,-8.00000000e-03
2.99105000e-07,-8.00000000e-03
2.99265000e-07,-8.00000000e-03
2.99425000e-07,-8.00000000e-03
2.99585000e-07,-8.00000000e-03
2.99745000e-07,-8.00000000e-03
2.99905000e-07,-8.00000000e-03
3.00065000e-07,-1.60000000e-02
3.00225000e-07,-1.60000000e-02
3.00385000e-07,-8.00000000e-03
3.00545000e-07,-8.00000000e-03
3.00705000e-07,-8.00000000e-03
3.00865000e-07,-8.00000000e-03
3.01025000e-07,-8.00000000e-03
3.01185000e-07,-8.00000000e-03
3.01345000e-07,-8.00000000e-03
3.01505000e-07,-8.00000000e-03
3.01665000e-07,-8.00000000e-03
3.01825000e-07,-8.00000000e-03
3.01985000e-07,-8.00000000e-03
3.02145000e-07,-8.00000000e-03
3.02305000e-07,-8.00000000e-03
3.02465000e-07,-1.60000000e-02
3.02625000e-07,-1.60000000e-02
3.02785000e-07,-8.00000000e-03
3.02945000e-07,0.00000000e+00
3.03105000e-07,-8.00000000e-03
3.03265000e-07,-1.60000000e-02
3.03425000e-07,-1.60000000e-02
3.03585000e-07,-8.00000000e-03
3.03745000e-07,-8.00000000e-03
3.03905000e-07,-8.00000000e-03
3.04065000e-07,-1.60000000e-02
3.04225000e-07,-1.60000000e-02
3.04385000e-07,-8.00000000e-03
3.04545000e-07,-1.60000000e-02
3.04705000e-07,-8.00000000e-03
3.04865000e-07,-8.00000000e-03
3.05025000e-07,-1.60000000e-02
3.05185000e-07,-1.60000000e-02
3.05345000e-07,-1.60000000e-02
3.05505000e-07,-1.60000000e-02
3.05665000e-07,-1.60000000e-02
3.05825000e-07,-1.60000000e-02
3.05985000e-07,-1.60000000e-02
3.06145000e-07,-8.00000000e-03
3.06305000e-07,-8.00000000e-03
3.06465000e-07,-8.00000000e-03
3.06625000e-07,-1.60000000e-02
3.06785000e-07,-8.00000000e-03
3.06945000e-07,-8.00000000e-03
3.07105000e-07,-1.60000000e-02
3.07265000e-07,-1.60000000e-02
3.07425000e-07,-8.00000000e-03
3.07585000e-07,-8.00000000e-03
3.07745000e-07,-1.60000000e-02
3.07905000e-07,-1.60000000e-02
3.08065000e-07,-8.00000000e-03
3.08225000e-07,-8.00000000e-03
3.08385000e-07,-8.00000000e-03
3.08545000e-07,-8.00000000e-03
3.08705000e-07,-8.00000000e-03
3.08865000e-07,-8.00000000e-03
3.09025000e-07,-8.00000000e-03
3.09185000e-07,-8.00000000e-03
3.09345000e-07,-8.00000000e-03
3.09505000e-07,-8.00000000e-03
3.09665000e-07,-1.60000000e-02
3.09825000e-07,-8.00000000e-03
3.09985000e-07,-8.00000000e-03
3.10145000e-07,-8.00000000e-03
3.10305000e-07,-1.60000000e-02
3.10465000e-07,-1.60000000e-02
3.10625000e-07,-8.00000000e-03
3.10785000e-07,-1.60000000e-02
3.10945000e-07,-1.60000000e-02
3.11105000e-07,-1.60000000e-02
3.11265000e-07,-8.00000000e-03
3.11425000e-07,-1.60000000e-02
3.11585000e-07,-1.60000000e-02
3.11745000e-07,-8.00000000e-03
3.11905000e-07,-8.00000000e-03
3.12065000e-07,-1.60000000e-02
3.12225000e-07,-1.60000000e-02
3.12385000e-07,-8.00000000e-03
3.12545000e-07,-8.00000000e-03
3.12705000e-07,-1.60000000e-02
3.12865000e-07,-8.00000000e-03
3.13025000e-07,-8.00000000e-03
3.13185000e-07,0.00000000e+00
3.13345000e-07,-8.00000000e-03
3.13505000e-07,-1.60000000e-02
3.13665000e-07,-1.60000000e-02
3.13825000e-07,-1.60000000e-02
3.13985000e-07,-1.60000000e-02
3.14145000e-07,-1.60000000e-02
3.14305000e-07,0.00000000e+00
3.14465000e-07,8.00000000e-03
3.14625000e-07,0.00000000e+00
3.14785000e-07,-8.00000000e-03
3.14945000e-07,-1.60000000e-02
3.15105000e-07,-8.00000000e-03
3.15265000e-07,-8.00000000e-03
3.15425000e-07,-8.00000000e-03
3.15585000e-07,-8.00000000e-03
3.15745000e-07,-8.00000000e-03
3.15905000e-07,-8.00000000e-03
3.16065000e-07,-8.00000000e-03
3.16225000e-07,-8.00000000e-03
3.16385000e-07,-8.00000000e-03
3.16545000e-07,-8.00000000e-03
3.16705000e-07,-1.60000000e-02
3.16865000e-07,-1.60000000e-02
3.17025000e-07,-8.00000000e-03
3.17185000e-07,-8.00000000e-03
3.17345000e-07,-1.60000000e-02
3.17505000e-07,-1.60000000e-02
3.17665000e-07,-8.00000000e-03
3.17825000e-07,-8.00000000e-03
3.17985000e-07,-8.00000000e-03
3.18145000e-07,-8.00000000e-03
3.18305000e-07,-8.00000000e-03
3.18465000e-07,-1.60000000e-02
3.18625000e-07,-1.60000000e-02
3.18785000e-07,-1.60000000e-02
3.18945000e-07,-8.00000000e-03
3.19105000e-07,-8.00000000e-03
3.19265000e-07,-8.00000000e-03
3.19425000e-07,-8.00000000e-03
3.19585000e-07,0.00000000e+00
3.19745000e-07,-8.00000000e-03
3.19905000e-07,-8.00000000e-03
3.20065000e-07,-1.60000000e-02
3.20225000e-07,-1.60000000e-02
3.20385000e-07,-1.60000000e-02
3.20545000e-07,-1.60000000e-02
3.20705000e-07,-8.00000000e-03
3.20865000e-07,0.00000000e+00
3.21025000e-07,-8.00000000e-03
3.21185000e-07,-1.60000000e-02
3.21345000e-07,-8.00000000e-03
3.21505000e-07,-8.00000000e-03
3.21665000e-07,-8.00000000e-03
3.21825000e-07,-8.00000000e-03
3.21985000e-07,-1.60000000e-02
3.22145000e-07,-8.00000000e-03
3.22305000e-07,-8.00000000e-03
3.22465000e-07,-8.00000000e-03
3.22625000e-07,-8.00000000e-03
3.22785000e-07,-8.00000000e-03
3.22945000e-07,-8.00000000e-03
3.23105000e-07,-8.00000000e-03
3.23265000e-07,-8.00000000e-03
3.23425000e-07,-8.00000000e-03
3.23585000e-07,-8.00000000e-03
3.23745000e-07,-8.00000000e-03
3.23905000e-07,-1.60000000e-02
3.24065000e-07,-8.00000000e-03
3.24225000e-07,-8.00000000e-03
3.24385000e-07,-8.00000000e-03
3.24545000e-07,-8.00000000e-03
3.24705000e-07,-8.00000000e-03
3.24865000e-07,-8.00000000e-03
3.25025000e-07,-1.60000000e-02
3.25185000e-07,-1.60000000e-02
3.25345000e-07,-8.00000000e-03
3.25505000e-07,-8.00000000e-03
3.25665000e-07,-8.00000000e-03
3.25825000e-07,-8.00000000e-03
3.25985000e-07,-8.00000000e-03
3.26145000e-07,-8.00000000e-03
3.26305000e-07,-1.60000000e-02
3.26465000e-07,-1.60000000e-02
3.26625000e-07,-1.60000000e-02
3.26785000e-07,-8.00000000e-03
3.26945000e-07,-8.00000000e-03
3.27105000e-07,-8.00000000e-03
3.27265000e-07,-8.00000000e-03
3.27425000e-07,-8.00000000e-03
3.27585000e-07,-8.00000000e-03
3.27745000e-07,-8.00000000e-03
3.27905000e-07,-8.00000000e-03
3.28065000e-07,-8.00000000e-03
3.28225000e-07,-8.00000000e-03
3.28385000e-07,-8.00000000e-03
3.28545000e-07,-8.00000000e-03
3.28705000e-07,-8.00000000e-03
3.28865000e-07,-1.60000000e-02
3.29025000e-07,-8.00000000e-03
3.29185000e-07,-8.00000000e-03
3.29345000e-07,-8.00000000e-03
3.29505000e-07,-8.00000000e-03
3.29665000e-07,-8.00000000e-03
3.29825000e-07,-8.00000000e-03
3.29985000e-07,0.00000000e+00
3.30145000e-07,-8.00000000e-03
3.30305000e-07,-8.00000000e-03
3.30465000e-07,-8.00000000e-03
3.30625000e-07,-8.00000000e-03
3.30785000e-07,-8.00000000e-03
3.30945000e-07,-8.00000000e-03
3.31105000e-07,0.00000000e+00
3.31265000e-07,-8.00000000e-03
3.31425000e-07,-8.00000000e-03
3.31585000e-07,-8.00000000e-03
3.31745000e-07,-8.00000000e-03
3.31905000e-07,-8.00000000e-03
3.32065000e-07,-8.00000000e-03
3.32225000e-07,0.00000000e+00
3.32385000e-07,0.00000000e+00
3.32545000e-07,-8.00000000e-03
3.32705000e-07,-8.00000000e-03
3.32865000e-07,-8.00000000e-03
3.33025000e-07,-8.00000000e-03
3.33185000e-07,-8.00000000e-03
3.33345000e-07,-8.00000000e-03
3.33505000e-07,-8.00000000e-03
3.33665000e-07,0.00000000e+00
3.33825000e-07,0.00000000e+00
3.33985000e-07,-8.00000000e-03
3.34145000e-07,-8.00000000e-03
3.34305000e-07,-8.00000000e-03
3.34465000e-07,-8.00000000e-03
3.34625000e-07,-8.00000000e-03
3.34785000e-07,-8.00000000e-03
3.34945000e-07,0.00000000e+00
3.35105000e-07,-8.00000000e-03
3.35265000e-07,-8.00000000e-03
3.35425000e-07,-8.00000000e-03
3.35585000e-07,-8.00000000e-03
3.35745000e-07,0.00000000e+00
3.35905000e-07,-8.00000000e-03
